<?xml version="1.0" encoding="UTF-8"?>
<?xml-model href="BuzzFeed_schema.rnc" type="application/relax-ng-compact-syntax"?>
<article>
    <header>
        <titre>31 moments grisants que tous les coureurs adorent</titre>
        <st>Atteindre ce temps qui paraissait inaccessible.</st>
    </header>
    <auteur>
        <nom>Lauren Paul</nom>
        <association>BuzzFeed Staff </association>
    </auteur>
    <corps>
        <ol>
            <li>
                <titre>Avoir toute la route pour soi.</titre>
                <commentaire>Il faut se lever à 5h00 du mat’ pour ça, mais ça vaut le
                    coup.</commentaire>
            </li>
            <li>
                <titre>Être plus rapide que le feu pour piétons.</titre>
                <commentaire>Aussi connu sous le nom de petit bonhomme rouge de
                    l’enfer.</commentaire>
            </li>
            <li>
                <titre>Se faire une <anglicisme pos="nom" cc="8" sc="2">playlist</anglicisme>
                    parfaite.</titre>
            </li>
            <li>
                <titre>Quand votre chanson préférée pour courir arrive juste à temps pour vous
                    rebooster.</titre>
                <commentaire><anglicisme pos="excl" cc="3" sc="1">YES</anglicisme>
                    BRITNEY.</commentaire>
            </li>
            <li>
                <titre>Atteindre le haut d’une côte sans vous être rendu compte que c’était une
                    côte.</titre>
            </li>
            <li>
                <titre>La pente tant attendue.</titre>
                <commentaire>Je voooole !</commentaire>
            </li>
            <li>
                <titre>Doubler la personne qui est devant vous.</titre>
                <commentaire>Vous ne saviez pas que nous faisions la course, monsieur, mais j’ai
                    gagné.</commentaire>
            </li>
            <li>
                <titre>Trouver des écouteurs qui restent en place.</titre>
            </li>
            <li>
                <titre>Braver les éléments.</titre>
                <commentaire>Parce que rien ne vous empêchera jamais de courir.</commentaire>
            </li>
            <li>
                <titre>Cette première foulée quand vos chaussures viennent officiellement de
                    s’adapter à votre pied.</titre>
                <commentaire>Comme un poisson dans l’eau avec des chaussures de course bien
                    faites.</commentaire>
            </li>
            <li>
                <titre> Rejoindre un groupe de coureurs qui partagent vos autres centres
                    d’intérêt.</titre>
                <commentaire>Autrement dit, la bière.</commentaire>
            </li>
            <li>
                <titre> Vérifier votre temps et découvrir que vous avez couru BEAUCOUP PLUS vite que
                    ce que vous pensiez.</titre>
            </li>
            <li>
                <titre>Vérifier votre carte et découvrir que vous avez couru BEAUCOUP PLUS loin que
                    ce que vous pensiez.</titre>
            </li>
            <li>
                <titre>Éviter les flaques d’eau qui vous font croire qu’elles ne sont pas
                    profondes.</titre>
            </li>
            <li>
                <titre>Trouver la course à thème faite pour vous.</titre>
                <commentaire>Comme le marathon du Médoc par exemple.</commentaire>
            </li>
            <li>
                <titre>Réussir à mettre votre dossard sans vous enfoncer l’épingle dans la
                    peau.</titre>
                <commentaire>Mais au fait, qui a dit qu’épingle et course faisaient bon ménage
                    ?</commentaire>
            </li>
            <li>
                <titre> Des glucides, encore des glucides, toujours des glucides.</titre>
                <commentaire>Et un peu de protéines et de graisses saines, je suppose.</commentaire>
            </li>
            <li>
                <titre>Trouver des caleçons de <anglicisme pos="nom" cc="5" sc="1"
                        >sport</anglicisme> en soldes.</titre>
                <commentaire>Être élégant tout en restant au chaud, ça coûte cher.</commentaire>
            </li>
            <li>
                <titre>Tester les joies des vêtements de compression.</titre>
                <commentaire>Pseudo-science ou non, vous vous sentez mieux et c’est tout ce qui
                    compte.</commentaire>
            </li>
            <li>
                <titre>Cette vue.</titre>
            </li>
            <li>
                <titre>Porter une tenue en parfait accord avec la météo.</titre>
            </li>
            <li>
                <titre>L’étrange fierté ressentie quand vous souffrez d’une blessure réservée aux
                    coureurs.</titre>
                <commentaire>Certes votre genou vous fait mal, mais au moins c’est un ~*~genou de
                    coureur~*~.</commentaire>
            </li>
            <li>
                <titre>Et votre première course après vous être remis de cette blessure.</titre>
            </li>
            <li>
                <titre>Trouver un programme de cross-training qui n’est pas ennuyeux.</titre>
                <commentaire>Adieu l’elliptique !</commentaire>
            </li>
            <li>
                <titre> Pulvériser votre record de vitesse.</titre>
                <commentaire>Et vous sentir comme un magnifique guépard en mode
                    guerrier.</commentaire>
            </li>
            <li>
                <titre>Avoir une révélation au beau milieu d’une course.</titre>
                <commentaire>Rien de mieux qu’une bonne course pour s’éclaircir
                    l’esprit.</commentaire>
            </li>
            <li>
                <titre>Entendre quelqu’un hurler votre nom pendant une course.</titre>
                <commentaire>Est-ce votre meilleur ami ou bien un étranger qui lit votre dossard ?
                    Peu importe, vous êtes une <anglicisme pos="adj" cc="8" sc="2">rock star
                        !</anglicisme></commentaire>
            </li>
            <li>
                <titre>Créer votre propre barre énergétique.</titre>
            </li>
            <li>
                <titre>Convaincre vos amis de se mettre à la course.</titre>
                <commentaire>Sécrétons des endorphines tous ensemble !</commentaire>
            </li>
            <li>
                <titre>Atteindre ce temps qui paraissait inaccessible.</titre>
            </li>
            <li>
                <titre>Et vous fixer un nouvel objectif.</titre>
            </li>
        </ol>
    </corps>
</article>
