<?xml version="1.0" encoding="UTF-8"?>
<?xml-model href="BuzzFeed_schema.rnc" type="application/relax-ng-compact-syntax"?>
<article>
    <header>
        <titre>13 choses que toutes celles qui ont de l’<anglicisme pos="nom" cc="4" sc="2"
                >acné</anglicisme> comprendront</titre>
        <st>«Tu sais que mettre du maquillage, c’est mauvais pour ta peau?» Et toi, tu sais que tu
            m’emmerdes?</st>
    </header>
    <auteur>
        <nom>Flo Perry</nom>
        <association>BuzzFeed Staff</association>
    </auteur>
    <corps>
        <ol>
            <li>
                <titre>Tout le monde vous donne toujours plein de conseils (sans que vous n’ayez
                    rien demandé) sur comment soigner votre peau, et ça ne marche jamais.</titre>
                <commentaire>Je n’ai pas un simple problème de peau, j’ai un problème médical, et ce
                    n’est pas votre savon adoré qui va résoudre le problème.</commentaire>
            </li>
            <li>
                <titre>Le maquillage peut vraiment vous redonner confiance en vous.</titre>
                <commentaire>Trouver un fond de teint qui recouvre vos boutons est le parcours du
                    combattant.</commentaire>
            </li>
            <li>
                <titre>Ce qui veut dire que c’est VRAIMENT énervant d’entendre des gens vous dire de
                    ne pas en mettre.</titre>
                <commentaire>Que ce soient ceux qui vous disent que ça ne fait qu’empirer les choses
                    - ce qui n’est pas le cas, et même si ça l’était, je continuerais d’en mettre
                    car ça me donne confiance en moi… Ou ceux qui disent que vous n’avez pas besoin
                    de maquillage - on sait que vous voulez bien faire, mais c’est moi qui décide ce
                    dont j’ai envie… Ou, le pire du pire, ceux qui vous disent qu’ils préfèrent le
                        «<anglicisme pos="nom" cc="4" sc="1">look</anglicisme> naturel»… Euh,
                    non.</commentaire>
            </li>
            <li>
                <titre>Vous pouvez vous sentir sale, même si vous êtes peut-être la personne la plus
                    propre que vous connaissez.</titre>
                <commentaire>Avoir de l’<anglicisme pos="nom" cc="4" sc="2">acné</anglicisme>, ça
                    veut dire que je ne vais jamais me coucher sans me démaquiller et que je me lave
                    le visage au moins deux fois par jour. Je connais des filles à la peau parfaite
                    qui ne se lavent la figure que quand elles prennent une douche et utilisent
                    simplement une lingette démaquillante le matin, mais je trouve qu’elles ont
                    l’air plus propres que moi. Suggérer une nouvelle lotion à une personne qui a de
                        l’<anglicisme pos="nom" cc="4" sc="2">acné</anglicisme> est donc encore une
                    fois une mauvaise idée: ça donne l’impression que vous pensez que cette personne
                    a de l’<anglicisme pos="nom" cc="4" sc="2">acné</anglicisme> parce qu’elle ne se
                    lave pas assez.</commentaire>
            </li>
            <li>
                <titre>Les gens qui vous disent de manger moins de chocolat peuvent aller se faire
                    voir.</titre>
                <commentaire>Même si le chocolat et la malbouffe ne sont pas très bons pour la peau,
                    jamais je ne ferai une croix dessus.</commentaire>
            </li>
            <li>
                <titre>La première fois que quelqu’un vous voit sans maquillage est une
                    épreuve.</titre>
            </li>
            <li>
                <titre>Quand les gens vous disent qu’ils ne s’étaient jamais rendu compte que vous
                    aviez de l’<anglicisme pos="nom" cc="4" sc="2">acné</anglicisme>… C’est très
                    gentil, mais aussi difficile à croire.</titre>
            </li>
            <li>
                <titre>Les traitements contre l’<anglicisme pos="nom" cc="4" sc="2"
                        >acné</anglicisme> sont forts, et beaucoup ont de vilains effets
                    secondaires.</titre>
                <commentaire>Le pire de tous étant <anglicisme pos="nom" cc="10" sc="4"
                        >Roaccutane</anglicisme>, aussi appelé <anglicisme pos="nom" cc="8" sc="3"
                        >Accutane</anglicisme>. C’est un médicament puissant, qui a tous les effets
                    secondaires imaginables. Il assèche votre peau au point qu’il est recommandé de
                    ne pas utiliser de cire pendant la prise de ce traitement, car votre peau est
                    trop fragile. Il vous donnera des lèvres gercées pour toujours, et parfois les
                    yeux secs et irrités. En plus de tout ça, certains pensent qu’il peut conduire à
                    la dépression et le NHS, système de la santé publique au Royaume-Uni,
                    déconseille aux personnes sujettes à la dépression de prendre du <anglicisme
                        pos="nom" cc="10" sc="4">Roaccutane</anglicisme>. Si une personne atteinte
                        d’<anglicisme pos="nom" cc="4" sc="2">acné</anglicisme> choisit de prendre
                        <anglicisme pos="nom" cc="10" sc="4">Roaccutane</anglicisme>, elle est déjà
                    sûrement au courant de tout ça, et a reçu des conseils d’un médecin avant de
                    prendre sa décision. Alors lui faire la leçon sur la dangerosité de ce
                    traitement n’est pas une bonne idée.</commentaire>
            </li>
            <li>
                <titre>La peur des cicatrices est réelle.</titre>
                <commentaire>Et dans les faits, on est plutôt mal barrées. Une autre raison pour
                    laquelle il est énervant de savoir que tant de gens voient l’<anglicisme
                        pos="nom" cc="4" sc="2">acné</anglicisme> comme un symptôme du passage de
                    l’enfance à l’âge adulte plutôt que comme un réel problème
                    médical.</commentaire>
            </li>
            <li>
                <titre>Ce n’est pas que sur votre visage.</titre>
                <commentaire>La théorie selon laquelle c’est le maquillage qui cause l’<anglicisme
                        pos="nom" cc="4" sc="2">acné</anglicisme> ne tient donc pas vraiment la
                    route.</commentaire>
            </li>
            <li>
                <titre>Ça n’est pas seulement une question esthétique.</titre>
                <commentaire>L’<anglicisme pos="nom" cc="4" sc="2">acné</anglicisme> peut être
                    vraiment inconfortable, voire douloureuse.</commentaire>
            </li>
            <li>
                <titre>Avoir de l’<anglicisme pos="nom" cc="4" sc="2">acné</anglicisme> peut sembler
                    être un coup du destin bien cruel.</titre>
                <commentaire>On ne peut tellement pas le contrôler que parfois, vous aurez une bonne
                    journée et vous vous direz, «oh mon dieu, peut-être qu’à 23 ans j’ai enfin perdu
                    ma peau d’adolescente». Mais il y a plus de chances que vous vous réveilliez le
                    matin d’une présentation professionnelle importante avec un gros furoncle sur le
                    menton.</commentaire>
            </li>
            <li>
                <titre>Pas facile donc de se retenir de ne pas frapper les filles qui se plaignent
                    quand elles ont un petit bouton.</titre>
                <commentaire>Sérieusement. La ferme.</commentaire>
            </li>
        </ol>
    </corps>
</article>
