<?xml version="1.0" encoding="UTF-8"?>
<?xml-model href="BuzzFeed_schema.rnc" type="application/relax-ng-compact-syntax"?>

<article>
    <header>
        <titre>19 bibliothèques magiques à voir avant de mourir</titre>
        <st>Pour tous les amoureux des livres.</st>
    </header>

    <auteur>
        <nom>Arianna Rebollini</nom>
        <association>BuzzFeed Staff</association>
    </auteur>
    <corps>
        <intro>Récemment, nous avons demandé aux membres de la communauté BuzzFeed quelles étaient
            les les bibliothèques les plus incroyables qu’ils aient jamais visitées. Voici les
            résultats.</intro>
        <ol>
            <li>
                <titre>1. La Thomas Fisher Rare Book Library de Toronto</titre>
                <commentaire>« J’y suis allée cet automne et l’expérience m’a soufflée. Non
                    seulement la bibliothèque est belle, mais vous pouvez demander à avoir accès à
                    la majeure partie de leur collection lors de votre visite. Durant notre passage,
                    nous avons vu le premier livre de Shakespeare, ainsi que de nombreux manuscrits
                    originaux de Margaret Atwood […] ! » ”Melissa Hudson (<anglicisme pos="nom"
                        cc="8" sc="2">Facebook</anglicisme>)</commentaire>
            </li>
            <li>
                <titre>2. La Stadtbibliothek Stuttgart, à Stuttgart, en Allemagne</titre>
                <commentaire>« C’est l’idéal perfectionniste de ce qu’une bibliothèque devrait être.
                    » melissan406bf75c0</commentaire>
            </li>
            <li>
                <titre>3. La New York Public Library de New York</titre>
                <commentaire>« La New York Public Library… le plafond est magnifique, et on y est si
                    tranquille. » €”heyitsgracee</commentaire>
            </li>
            <li>
                <titre>4. La bibliothèque John Rylands de Manchester, au Royaume Uni</titre>
                <commentaire>« [C’]est littéralement une cathédrale pour les livres. »
                    €”joem45ac45347</commentaire>
            </li>
            <li>
                <titre>5. La bibliothèque Strahov de Prague</titre>
                <commentaire>« Vous ne pouvez pas vraiment vous asseoir pour lire, mais c’est l’un
                    des endroits les plus plaisants qui soit pour un amoureux des livres ! »
                    €kateh4897e321c</commentaire>
            </li>
            <li>
                <titre>6. La Beinecke Rare Books &amp; Manuscripts Library de Yale, à New Haven,
                    dans le Connecticut (États-unis)</titre>
                <commentaire>« Ils ont toujours des livres rares exposés, et la salle à température
                    intérieure contrôlée est vraiment <anglicisme pos="adj" cc="4" sc="1"
                        >cool</anglicisme>. » €”lsheabailey</commentaire>
            </li>
            <li>
                <titre>7. La Biblioteca Vasconcelos de Mexico</titre>
                <commentaire>« J’y suis allé l’été dernier, c’était incroyable. Ma photo ne lui rend
                    pas justice. » AnaE20</commentaire>
            </li>
            <li>
                <titre>8. La Salt Lake City Public Library, de Salt Lake City, aux
                    États-unis</titre>
                <commentaire>« La Salt Lake City Library ! Elle est magnifique, et ressemble à
                    quelque chose que Willy Wonka aurait pu créer. » €”straytray</commentaire>
            </li>
            <li>
                <titre>9. La bibliothèque Bodleian d’Oxford, au Royaume-Uni</titre>
                <commentaire>Suggérée par Lia Pulliam (<anglicisme pos="nom" cc="8" sc="2"
                        >Facebook</anglicisme>)</commentaire>
            </li>
            <li>
                <titre>10. La Trinity College Long Room, à Dublin</titre>
                <commentaire>« J’ai presque pleuré de joie lorsque j’ai arpenté la Trinity College
                    Long Room. » €”Jen Stone (<anglicisme pos="nom" cc="8" sc="2"
                        >Facebook</anglicisme>)</commentaire>
            </li>
            <li>
                <titre>11. La Mafra National Palace Library, à Mafra, au Portugal</titre>
                <commentaire>Suggérée par Joana SimÃ£o (<anglicisme pos="nom" cc="8" sc="2"
                        >Facebook</anglicisme>)</commentaire>
            </li>
            <li>
                <titre>12. La bibliothèque du Congrès, à Washington D.C., États-unis</titre>
                <commentaire>« Elle abrite une bible de Gutenberg, […] et d’innombrables
                    chefs-d’œuvre. Tout américain se doit de la visiter au moins une fois dans sa
                    vie. » cjsamsky</commentaire>
            </li>
            <li>
                <titre>13. La bibliothèque Louis Round Wilson d’UNC, à Chapel Hill, en Caroline du
                    Nord (États-unis)</titre>
                <commentaire>(Suggérée par emmas42aab98e8)</commentaire>
            </li>
            <li>
                <titre>14. La bibliothèque d’Osgoode Hall, à Toronto</titre>
                <commentaire>« La bibliothèque juridique de Osgoode Hall (Toronto), petite mais
                    magnifique. » €”deezee</commentaire>
            </li>
            <li>
                <titre>15. La bibliothèque George Peabody de Baltimore, États-Unis</titre>
                <commentaire>« Donnez-moi un matelas et à manger jusqu’à la fin de mes jours, et
                    j’appellerai la bibliothèque Peabody “Mon précieux” comme Gollum avec l’anneau !
                    » Annamaria Apergi (<anglicisme pos="nom" cc="8" sc="2"
                    >Facebook</anglicisme>)</commentaire>
            </li>
            <li>
                <titre>16. La bibliothèque Suzzallo de l’université de Washington, à Seattle
                    (États-unis)</titre>
                <commentaire>« Tout le monde devrait visiter la bibliothèque de l’université de
                    Washington ! Elle ressemble à s’y méprendre à la Grande Salle de Poudlard du
                        <anglicisme pos="nom" cc="4" sc="1">film</anglicisme> « Harry Potter » ! »
                    €”Meranda Clausen (<anglicisme pos="nom" cc="8" sc="2"
                    >Facebook</anglicisme>)</commentaire>
            </li>
            <li>
                <titre>17. La Boston Public Library, à Boston, aux États-unis</titre>
                <commentaire>(Suggérée par Josh Young, emmas42aab98e8, shelin, et
                    matr4a537d5b1)</commentaire>
            </li>
            <li>
                <titre>18. La Librairie Avant-Garde de Nankin, Chine*</titre>
                <commentaire>« Elle est cachée dans un <anglicisme pos="nom" cc="7" sc="2"
                        >parking</anglicisme> souterrain dans un bunker abandonné, et mélange à la
                    perfection les livres et la littérature avec l’histoire, la culture, et une
                    atmosphère indé chinoise vraiment <anglicisme pos="adj" cc="4" sc="1"
                        >cool</anglicisme>. Il y a des œuvres d’art partout, des citations gravées
                    dans les piliers, et tous les livres auxquels vous pourriez penser traduits en
                    chinois. » Kalli McCoy (<anglicisme pos="nom" cc="8" sc="2"
                        >Facebook</anglicisme>) *Il s’agit d’une librairie et non d’une
                    bibliothèque, mais le magasin accueille les gens qui veulent juste flâner et
                    lire pendant des heures. »</commentaire>
            </li>
            <li>
                <titre>19. Votre bibliothèque locale</titre>
                <commentaire>« Tous les amoureux des livres devraient visiter leur propre
                    bibliothèque locale. C’est vrai, il y a de magnifiques bibliothèques partout
                    dans le monde, mais ils devraient connaître les leurs. Pas seulement quels
                    livres sont disponibles, mais ce que la bibliothèque peut leur offrir. Quel est
                    le meilleur endroit pour lire, étudier, ou s’asseoir et méditer. Quels membres
                    du personnel éviter, et vers lesquels se tourner pour obtenir des informations,
                    un bon livre, ou juste une discussion amicale. Ces bibliothèques sont dédiées à
                    l’apprentissage tout au long de la vie et offrent plus que des livres. En
                    soutenant votre bibliothèque locale, vous soutenez une communauté. » Penelope
                    Masters (<anglicisme pos="nom" cc="8" sc="2"
                    >Facebook</anglicisme>)</commentaire>
            </li>
        </ol>
    </corps>
</article>
