<?xml version="1.0" encoding="UTF-8"?>
<?xml-model href="BuzzFeed_schema.rnc" type="application/relax-ng-compact-syntax"?>
<article>
    <!-- unedited URL for getting comments:http://www.buzzfeed.com/michaelblackmon/31-des-plats-et-aliments-les-plus-etranges-aux-usa-->
    <header>
        <titre>31 des plats et aliments les plus étranges aux États-Unis </titre>
        <st> Sérieusement, certains de ces plats ont l’air dégoûtants! </st>
    </header>
    <auteur>
        <nom>Michael Blackmon </nom>
        <association>BuzzFeed Staff </association>
    </auteur>
    <corps>
        <ol>
            <li>
                <titre>Nous avons récemment demandé aux membres de la communauté BuzzFeed de nous
                    dire quels étaient, selon eux, les plats les plus étranges aux USA. Voici les
                    plus curieux: </titre>
            </li>
            <li>
                <titre>1. Olive Loaf (pain d’olives) </titre>
                <commentaire>«Le pain d’olives ne devrait même pas exister.» </commentaire>
            </li>
            <li>
                <titre>2. Jell-O Salad (salade de gélatine) </titre>
                <commentaire>«La <anglicisme pos="nom" cc="6" sc="2">Jell-O</anglicisme> salad. Ce
                    truc est tellement crade!» </commentaire>
            </li>
            <li>
                <titre>3. Les Koolickles </titre>
                <commentaire>«Les Koolickles, qui sont en fait des cornichons saumurés dans
                    différents parfums de poudre à <anglicisme pos="nom" cc="8" sc="2"
                        >Kool-Aid</anglicisme>. On les trouve surtout dans la région du delta du
                    Mississippi. Faites une recherche <anglicisme pos="adj" cc="6" sc="2"
                        >Google</anglicisme>, ça existe vraiment!» </commentaire>
            </li>
            <li>
                <titre>4. Chicken and Waffles (poulet et gaufres) </titre>
                <commentaire>«Du poulet et des gaufres sur la même assiette ? Je me demande qui peut
                    avoir l’idée de mélanger ces deux trucs ensemble?!» </commentaire>
            </li>
            <li>
                <titre>5. Scrapple (bouillie de porc) </titre>
                <commentaire>«Le <anglicisme pos="nom" cc="8" sc="2">scrapple</anglicisme>, mais
                    c’est délicieux!» </commentaire>
            </li>
            <li>
                <titre>6. Grits (maïs moulu) </titre>
                <commentaire>«Le <anglicisme pos="nom" cc="5" sc="1">grits</anglicisme>. Et, je suis
                    du Sud. Beaucoup de gens y rajoutent plein de beurre et/ou de sel… Ça fait juste
                    un mélange gluants.» </commentaire>
            </li>
            <li>
                <titre>7. Deep-Fried Butter (beurre frit) </titre>
                <commentaire>«Le <anglicisme pos="adj" cc="10" sc="2">deep-fried</anglicisme>
                    <anglicisme pos="nom" cc="6" sc="2">butter</anglicisme>. On ne peut pas faire
                    plus américain que ça.» </commentaire>
            </li>
            <li>
                <titre>8. Chitterlings (intestins de porc) </titre>
                <commentaire>«Le <anglicisme pos="nom" cc="12" sc="3">chitterlings</anglicisme> a
                    une odeur terrible, mais c’est assez bon. Si vous pouvez passer outre le fait
                    que vous mangez des intestins de porc, alors ça ira » </commentaire>
            </li>
            <li>
                <titre>9. Kraft Singles (tranches de fromage industriel) </titre>
                <commentaire>«Manger du <anglicisme pos="nom" cc="12" sc="3">Kraft
                        Singles</anglicisme>, c’est comme de manger du vinyle. Il n’ont même pas
                    légalement le droit d’appeler ça du fromage.» </commentaire>
            </li>
            <li>
                <titre>10. Ambrosia Salad </titre>
                <commentaire>«L’ambrosia salad c’est: de la gélatine, avec de la crème fouettée et
                    des morceaux de guimauve. Étrange.» </commentaire>
            </li>
            <li>
                <titre>11. Sloppy Joes (une sorte de hamburger à la bolognaise) </titre>
                <commentaire>«Les <anglicisme pos="nom" cc="10" sc="3">Sloppy Joes</anglicisme> sont
                    totalement dégueulasses.» </commentaire>
            </li>
            <li>
                <titre>12. Les Pop-Tarts </titre>
                <commentaire>«Je suis sûre qu’on va me détester, mais les <anglicisme pos="nom"
                        cc="9" sc="2">Pop-Tarts</anglicisme> sont sur ma liste de la pire nourriture
                    américaine. » </commentaire>
            </li>
            <li>
                <titre>13. Chicken-Fried Steak (l’équivalent américain du schnitzel ou du veau à la
                    milanaise) </titre>
                <commentaire>«Le <anglicisme pos="adj" cc="13" sc="3">chicken-fried</anglicisme>
                    <anglicisme pos="nom" cc="5" sc="1">steak</anglicisme>. Ça n’est pas du poulet,
                    ni un <anglicisme pos="nom" cc="5" sc="1">steak</anglicisme>, mais c’est frit.
                    Et répugnant.» </commentaire>
            </li>
            <li>
                <titre>14. Un gratin de Tater Tots </titre>
                <commentaire>«Les plats à base de crème. Comme cette recette de gratin de
                        <anglicisme pos="nom" cc="9" sc="3">Tater Tots</anglicisme> pour laquelle il
                    faut : </commentaire>
            </li>
            <li>
                <titre>15. Red-Eye Gravy, alias la sauce du pauvre </titre>
                <commentaire>«Le <anglicisme pos="adj" cc="7" sc="2">red-eye</anglicisme>
                    <anglicisme pos="nom" cc="5" sc="2">gravy</anglicisme>. C’est un mélange de jus
                    de jambon salé et de café, parfois même de <anglicisme pos="nom" cc="4" sc="2"
                        >Coca</anglicisme>. Beurk. Je crois que, il y a longtemps, quelqu’un a
                    renversé sa boisson dans une casserole pleine de jus de cuisson, et s’est dit
                    que ça ferait de la sauce.» </commentaire>
            </li>
            <li>
                <titre>16. Le gumbo </titre>
                <commentaire>«Je viens de Louisiane et je pense que le <anglicisme pos="nom" cc="5"
                        sc="2">gumbo</anglicisme> est complètement étrange. C’est juste plein
                    d’aliments mélangés ensemble. Il y des écrevisses, des crevettes, du maïs, et
                    tout ce que l’on veut mettre dedans. Je n’aime vraiment pas ça, donc je n’en
                    mange pas.» </commentaire>
            </li>
            <li>
                <titre>17. Fry Sauce </titre>
                <commentaire>«La <anglicisme pos="adj" cc="3" sc="1">fry</anglicisme> sauce est
                    assez bizarre, je crois que c’est un mélange de <anglicisme pos="nom" cc="7"
                        sc="2">ketchup</anglicisme> et de mayonnaise! Je crois qu’on ne la trouve
                    que dans certaines parties des USA. C’est bon, j’adore ça!» </commentaire>
            </li>
            <li>
                <titre>18. Les Twinkies (génoise fourrée à la crème) </titre>
                <commentaire>«Les <anglicisme pos="nom" cc="8" sc="2">Twinkies</anglicisme>! Qui
                    peut bien aimer ce carton fourré de crème?!» </commentaire>
            </li>
            <li>
                <titre>19. Sweet Potato and Marshmallow (Patate douce et guimauve) </titre>
                <commentaire>«La patate douce avec de la guimauve. C’est quoi ton problème,
                    l’Amérique?» </commentaire>
            </li>
            <li>
                <titre>20. Burgoo </titre>
                <commentaire>«Dans le <anglicisme pos="nom" cc="6" sc="2">burgoo</anglicisme>
                    traditionnel on retrouve de la viande d’écureuil et d’opossum. BEURK.»
                </commentaire>
            </li>
            <li>
                <titre>21. Le gratin d’haricots verts </titre>
                <commentaire>«<anglicisme pos="adj" cc="9" sc="2">Green bean</anglicisme> casserole,
                        <anglicisme pos="adj" cc="8" sc="3">Tater Tot</anglicisme> casserole. En
                    gros, tous les plats qui comprennent des ingrédients que l’on ne peut identifier
                    à la vue ou qui ont l’air d’avoir déjà été mangés.» </commentaire>
            </li>
            <li>
                <titre>22. Les Peeps (bonbons à base de marshmallow) </titre>
                <commentaire>«J’adore les <anglicisme pos="nom" cc="5" sc="1">Peeps</anglicisme>,
                    mais ils ne devraient pas avoir goût de <anglicisme pos="nom" cc="10" sc="3"
                        >chewing gum</anglicisme> – non, non, non!» </commentaire>
            </li>
            <li>
                <titre>23. Le donut burger </titre>
                <commentaire>«Les mélanges: des <anglicisme pos="nom" cc="12" sc="3"
                        >marshmallows</anglicisme> au <anglicisme pos="nom" cc="5" sc="2"
                        >bacon</anglicisme>. Un <anglicisme pos="nom" cc="6" sc="2"
                        >burger</anglicisme> dans du <anglicisme pos="nom" cc="5" sc="2"
                        >donut</anglicisme>. Je pense que ces combinaisons de nourriture sont
                    révoltantes. La nourriture américaine a mauvaise réputation et voilà pourquoi.
                    Cependant, je confirme qu’il y a de véritables plats traditionnels, faits
                    maison, et sains, dans tous les états des USA. Toute la nourriture n’est pas
                    pleine de sucre ou frite.» </commentaire>
            </li>
            <li>
                <titre>24. La mayonnaise (américaine bien-sûr) </titre>
                <commentaire>«La mayonnaise, c’est du jaune d’œuf et du vinaigre mélangés. C’est
                    bien trop épais, ça sent les œufs pourris, et ça doit être la seule chose plus
                    blanche qu’Iggy Azalea. 0/10, je n’en mangerais pas.» </commentaire>
            </li>
            <li>
                <titre>25. Les sandwiches au beurre de cacahuète et à la banane </titre>
                <commentaire>«LES <anglicisme pos="nom" cc="9" sc="2">SANDWICHS</anglicisme> AU
                    BEURRE DE CACAHUÈTE ET À LA BANANE. Pourquoi voudriez-vous mettre de la banane
                    sur du pain?! C’est trop bizarre!» </commentaire>
            </li>
            <li>
                <titre>26. Rocky Mountain Oysters («Huîtres des Rocheuses», qui sont en fait des
                    testicules de taureau, de porc ou de mouton, panées et frites) </titre>
                <commentaire>«Les huîtres des Rocheuses: si vous ne pouvez pas dire le vrai nom de
                    quelque chose (des testicules), peut-être que vous ne devriez pas le manger.»
                </commentaire>
            </li>
            <li>
                <titre>27. Le Cincinnati Chili </titre>
                <commentaire>«Le chili de Cincinnati – des spaghettis avec du chili et du fromage.
                    Ça ne pourrait pas être plus dégueulasse.» </commentaire>
            </li>
            <li>
                <titre>28. Les gésiers de poulet </titre>
                <commentaire>«La nourriture du sud peut être déconcertante pour beaucoup, même aux
                    USA, mais pas dans le sud: le <anglicisme pos="nom" cc="9" sc="2"
                        >cornbread</anglicisme> (pain de maïs), le boudin, les gésiers de poulet,
                    les écrevisses, les haricots de Lima, les beignets de tomates vertes, le gumbo
                    (frit, bouilli, ou saumuré), les cacahuètes dans du <anglicisme pos="nom" cc="4"
                        sc="2">Coca</anglicisme>.» </commentaire>
            </li>
            <li>
                <titre>29. Pickled Pigs Feet (Pieds de porc saumurés) </titre>
                <commentaire>«Je crois que c’est juste dans le sud, mais les pieds de porcs saumurés
                    et les œufs saumurés. Quand j’étais petite, les gens les vendaient dans leur
                    camion de glace. Ma mère en mangeait tout le temps. Quand elle croquait dedans,
                    du jus coulait du pied de cochon, ça salissait tout. L’odeur aussi est
                    déstabilisante.» </commentaire>
            </li>
            <li>
                <titre>30. Meatloaf (Pain de viande) </titre>
                <commentaire>«C’est du pain fait avec de la viande. Vous imaginez?!» </commentaire>
            </li>
            <li>
                <titre>31. Le KFC Double Down Sandwich (poulet frit, bacon, fromage et sauce
                    secrète) </titre>
                <commentaire>«Le putain de <anglicisme pos="nom" cc="10" sc="3">Double
                        Down</anglicisme> de KFC. C’est vraiment trop.» </commentaire>
            </li>
        </ol>

        <conversation>
            <commentaire>Un bel article sur l'ouverture d'esprit! L'auteur a-t'il gouté l'ensemble
                de ces plats? Certains sont excellent!</commentaire>
            <commentaire><anglicisme pos="excl" cc="7" sc="2">Say what</anglicisme>?!! Certains de
                ces plats sont délicieux! Est-ce qu'une seule personne a voté pour chacun de ces
                mets??! Le gumbo, c'est délicieux ♥</commentaire>
            <commentaire>Some of this seems like tasty but each other ... very surprising ! xO
                xo</commentaire>
            <commentaire><anglicisme pos="excl" cc="3" sc="3">lol</anglicisme> le 1er ces du pâté au
                olive et ces délicieux en plus ces francais mdrr l'auteur de ces article ne connais
                apparemment rien a la culture culinaire</commentaire>
        </conversation>
    </corps>
</article>
