<?xml version="1.0" encoding="UTF-8"?>
<?xml-model href="BuzzFeed_schema.rnc" type="application/relax-ng-compact-syntax"?>
<article>
    <!-- unedited URL for getting comments:http://www.buzzfeed.com/alexalvarez/32-plaisirs-simples-qui-sont-encore-plus-satisfaisants-que-l-->
    <header>
        <titre>32 plaisirs simples qui sont encore plus satisfaisants que le sexe </titre>
        <st> Bon d’accord, peut-être pas meilleurs que le meilleur sexe, mais pas loin. </st>
    </header>
    <auteur>
        <nom>Alex Alvarez </nom>
        <association>BuzzFeed Staff </association>
    </auteur>
    <corps>
        <ol>
            <li>
                <titre>1. S’étirer en baillant. </titre>
            </li>
            <li>
                <titre>2. Réussir à former une boule de glace parfaite. </titre>
                <commentaire>Orientation sexuelle : boule de glace idéale. </commentaire>
            </li>
            <li>
                <titre>3. Faire craquer son cou. </titre>
                <commentaire>Ohhhhhh ouaiiis. </commentaire>
            </li>
            <li>
                <titre>4. Vider son dossier <anglicisme pos="adj" cc="4" sc="1">spam</anglicisme>.
                </titre>
            </li>
            <li>
                <titre>5. Déboucher ses oreilles. </titre>
                <commentaire>Oh MON DIEU, oui ! </commentaire>
            </li>
            <li>
                <titre>6. Un éternuement profond et complètement satisfaisant. </titre>
            </li>
            <li>
                <titre>7. La dernière bouchée d’un <anglicisme pos="nom" cc="8" sc="2"
                        >sandwich</anglicisme>. </titre>
            </li>
            <li>
                <titre>8. Commander un <anglicisme pos="nom" cc="4" sc="2">McDo</anglicisme> et se
                    rendre compte qu’il y a des frites en plus dans le sac. </titre>
                <commentaire>Parfait. PARFAIT. </commentaire>
            </li>
            <li>
                <titre>9. Nettoyer ses oreilles avec un coton tige (même si vous savez que vous
                    n’êtes pas censé le faire mais PUTAIN QU’EST CE QUE C’EST BON !) </titre>
                <commentaire>` </commentaire>
            </li>
            <li>
                <titre>10. Ouvrir une bouteille de bière du premier coup. </titre>
                <commentaire>~<anglicisme pos="intj" cc="3" sc="1">POP</anglicisme> !~
                </commentaire>
            </li>
            <li>
                <titre>11. Verser de la crème dans du café ou du thé. </titre>
                <commentaire>Les seuls nuages acceptables. </commentaire>
            </li>
            <li>
                <titre>12. Séparer deux <anglicisme pos="nom" cc="6" sc="1">toasts</anglicisme> de
                    fromage fondu. </titre>
                <commentaire>MIAM. </commentaire>
            </li>
            <li>
                <titre>13. Retirer la poussière de votre sèche-linge d’un seul coup. </titre>
            </li>
            <li>
                <titre>14. Et retirer du vernis à ongles d’un seul coup. </titre>
                <commentaire>Pas super pour vos ongles, mais super pour votre âme. </commentaire>
            </li>
            <li>
                <titre>15. Trouver la réplique parfaite au moment parfait. </titre>
                <commentaire>Et pas six heures plus tard, sous la douche, en repensant à la scène et
                    à ce que vous auriez dû dire. </commentaire>
            </li>
            <li>
                <titre>16. Faire exploser un jaune d’œuf. </titre>
            </li>
            <li>
                <titre>17. Un high five parfaitement exécuté. </titre>
            </li>
            <li>
                <titre>18. Décoller un masque. </titre>
                <commentaire>Bandant. </commentaire>
            </li>
            <li>
                <titre>19. Étaler du glaçage sur un gâteau. </titre>
            </li>
            <li>
                <titre>20. Sauter dans une couche de neige parfaitement intacte. </titre>
            </li>
            <li>
                <titre>21. Écraser de la pâte à modeler. </titre>
            </li>
            <li>
                <titre>22. Regarder une tablette effervescente se dissoudre dans de l’eau. </titre>
                <commentaire>Fizzzzzzzzzzzzzz. </commentaire>
            </li>
            <li>
                <titre>23. Se gratter là où ça démange. </titre>
            </li>
            <li>
                <titre>24. Souffler sur un pissenlit. </titre>
                <commentaire>Tellement simple et tellement satisfaisant. </commentaire>
            </li>
            <li>
                <titre>25. Faire exploser du papier bulle. </titre>
            </li>
            <li>
                <titre>26. Le petit frisson que vous avez après une bonne crise de larmes. </titre>
            </li>
            <li>
                <titre>27. <anglicisme pos="verbe" cc="6" sc="2">Zipper</anglicisme> et <anglicisme
                        pos="verbe" cc="8" sc="3">dézipper</anglicisme>. </titre>
            </li>
            <li>
                <titre>28. Flotter. </titre>
                <commentaire>Et placer sa main à la surface de l’eau. </commentaire>
            </li>
            <li>
                <titre>29. Utiliser un nouveau tube de dentifrice pour la première fois. </titre>
                <commentaire>:)))) </commentaire>
            </li>
            <li>
                <titre>Pfiou ! Ça fait du bien. </titre>
            </li>
        </ol>

        <conversation>
            <commentaire>À part la 8 qui est mal traduite tout est parfait :)</commentaire>
        </conversation>

    </corps>
</article>
