<?xml version="1.0" encoding="UTF-8"?>
<?xml-model href="BuzzFeed_schema.rnc" type="application/relax-ng-compact-syntax"?>
<article>
    <!-- unedited URL for getting comments:http://www.buzzfeed.com/anaisbordages/annonce-de-casting-mamadou-rachid-fatima-francois-->
    <header>
        <titre>Cette annonce de <anglicisme pos="nom" cc="7" sc="2">casting</anglicisme> cherche un
            acteur pour le rôle de «Mamadou, agressif, sachant danser, surtout un noir» </titre>
        <st> Ainsi que le personnage de «Rachid, un homme de 18-25 ans, très vif, mince et un fin
            voleur, il doit savoir courir très vite et savoir parler avec un accent arabe». </st>
    </header>
    <auteur>
        <nom>Anais Bordages </nom>
        <association>BuzzFeed Staff </association>
    </auteur>
    <corps>
        <ul>
            <li>
                <titre>1. Ce matin, la <anglicisme pos="nom" cc="10" sc="3">newsletter</anglicisme>
                    de Cineaste.org, envoyée à environ 4000 donateurs et professionnels du cinéma,
                    contenait cette annonce de <anglicisme pos="nom" cc="7" sc="2"
                        >casting</anglicisme>: </titre>
            </li>
            <li>
                <titre>2. Sans en dire plus sur le synopsis, l’annonce détaille 5 rôles secondaires
                    «pour les besoins d’un <anglicisme pos="nom" cc="4" sc="1">film</anglicisme>
                    français et pour jouer aux côtés de grandes <anglicisme pos="nom" cc="5" sc="1"
                        >stars</anglicisme> françaises»: </titre>
                <commentaire>«Rôle principal : Le personnage de Henri, un homme de 25-30 ans,
                    caucasien(blanc très clair) sachant parler et se comporter comme une racaille du
                    ghetto noir(c.f Joeystarr) et parler bourgeois blanc( être né dans le 16ème est
                    un plus) </commentaire>
            </li>
            <li>
                <titre>3. L’annonce, qui enchaîne les stéréotypes, a été envoyée par un certain
                    Tixier Cliff. </titre>
            </li>
            <li>
                <titre>4. BuzzFeed France a contacté Pierre Haberer, membre de l’association
                    cineaste.org et qui s’occupe de gérer le <anglicisme pos="nom" cc="4" sc="1"
                        >site</anglicisme>, qui ne savait pas que cette annonce avait été publiée. </titre>
                <commentaire>«C’est un peu emmerdant», a-t-il réagi après l’avoir lue. «On reçoit
                    environ 250 annonces par édition», nous a-t-il expliqué. «On est cinq bénévoles
                    et on fait des tours pour les relire le soir. […] On fait surtout gaffe à la
                    section rémunération.» </commentaire>
            </li>
            <li>
                <titre>5. «Oui c’est raciste cliché, mais pour moi c’est pas raciste méchant, c’est
                    raciste bête» a répondu Zefred lors d’une <anglicisme pos="nom" cc="9" sc="3"
                        >interview</anglicisme> par téléphone. </titre>
                <commentaire>«Si l’annonce est clairement raciste, dans le sens attaque haineuse, on
                    le supprime. Mais quand c’est des annonces avec des gens qui font des clichés,
                    malheureusement on ne le supprime pas, parce que les directeurs de <anglicisme
                        pos="nom" cc="7" sc="2">casting</anglicisme> font souvent des clichés. […]
                    Tant qu’il ne dit pas “bande de sales arabes”…» </commentaire>
            </li>
            <li>
                <titre>6. Zefred nous a également confirmé que l’annonce avait été supprimée du
                        <anglicisme pos="nom" cc="4" sc="1">site</anglicisme> en début d’après-midi.
                </titre>
            </li>
            <li>
                <titre>7. Dans les mentions légales de Cineaste.org, on peut lire que le <anglicisme
                        pos="nom" cc="4" sc="1">site</anglicisme> «interdit toute annonce à contenu
                    haineux, obscène, raciste, sexiste, vulgaire ni diffamatoire […].» </titre>
            </li>
            <li>
                <titre>9. Il est assez courant de trouver des annonces de <anglicisme pos="nom"
                        cc="7" sc="2">casting</anglicisme> aux tonalités racistes ou sexistes
                    partagées sur <anglicisme pos="nom" cc="8" sc="3">internet</anglicisme>.
                    L’actrice Katrina Day, par exemple, a même ouvert un <anglicisme pos="nom"
                        cc="6" sc="2">tumblr</anglicisme> dédié à toutes les annonces sexistes
                    qu’elle recevait. </titre>
            </li>
            <li>
                <titre>10. «On voit des mecs qui cherchent “Marie, 22 ans, blonde un peu stupide
                    avec des gros seins”, qu’est ce que vous voulez que j’y fasse. Si le mec est
                    assez stupide pour écrire ce genre de choses, c’est pas mon problème», explique
                    Zefred. </titre>
            </li>
            <li>
                <titre>11. BuzzFeed France a cherché à joindre le directeur de <anglicisme pos="nom"
                        cc="7" sc="2">casting</anglicisme> ayant publié l’annonce. Nous mettrons à
                    jour cet article dès que nous en recevrons une. </titre>
            </li>
        </ul>

        <conversation>
            <commentaire>Enfin pour l'annonce pour "Fais danser la poussière" c'est surtout parce
                que dans le <anglicisme pos="nom" cc="4" sc="1">film</anglicisme> il y a une
                compagnie de danse qui est exclusivement noire, je vois pas ou est le
                soucis.</commentaire>
            <commentaire>pffff ou mettre du racisme ou il n'y en a pas.... comme d'habitude
                !</commentaire>
        </conversation>
    </corps>
</article>
