<?xml version="1.0" encoding="UTF-8"?>
<?xml-model href="BuzzFeed_schema.rnc" type="application/relax-ng-compact-syntax"?>
<article>
    <!-- unedited URL for getting comments:http://www.buzzfeed.com/rachelzarrell/trois-femmes-une-voiture-->
    <header>
        <titre>Ces trois Australiennes ont enregistré un <anglicisme pos="nom" cc="8" sc="2"
                >playback</anglicisme> génial de « Bohemian Rhapsody » </titre>
        <st> Avec chorégraphie synchronisée, le tout dans leur voiture. </st>
    </header>
    <auteur>
        <nom>Rachel Zarrell </nom>
        <association>BuzzFeed News Reporter </association>
    </auteur>
    <corps>
        <ol>
            <li>
                <titre>1. Un trio de femmes australiennes issues de la troupe comique SketchShe nous
                    a offert ce merveilleux <anglicisme pos="nom" cc="8" sc="2"
                        >playback</anglicisme> à la chorégraphie parfaitement réalisée, pertinemment
                    intitulé « Bohemian Carsody ». C’est assez sympathique. </titre>
            </li>
            <li>
                <titre>2. « Mamaaaaaa… » </titre>
            </li>
            <li>
                <titre>3. « Just killed a man… » </titre>
            </li>
            <li>
                <titre>4. « Put a gun against his head. » </titre>
            </li>
            <li>
                <titre>5. « Pulled the trigger, now he’s dead. » </titre>
            </li>
            <li>
                <titre>6. Vous voyez l’idée. </titre>
            </li>
        </ol>
        <conversation>
            <commentaire>Quel régal pour les yeux que ces filles, plus belles l'une que l'autre.
                C'est indécent qu'on puisse être aussi affriolant(e). QUEL BEAU CADEAU QUE CE
                    <anglicisme pos="nom" cc="4" sc="1">POST</anglicisme>, PAR BUZZFEED ! Il n'est
                pas impossible que j'en laisse le lien d'une manière pérenne sur mon bureau d'ordi
                !</commentaire>
        </conversation>
    </corps>
</article>
