<?xml version="1.0" encoding="UTF-8"?>
<?xml-model href="BuzzFeed_schema.rnc" type="application/relax-ng-compact-syntax"?>
<article>
    <!-- unedited URL for getting comments:http://www.buzzfeed.com/ceciledehesdin/cette-americaine-a-le-compte-twitter-chelsea-et-se-fait-inon-->
    <header>
        <titre>Cette Américaine a le compte <anglicisme pos="adj" cc="7" sc="2">Twitter</anglicisme>
            @Chelsea et se fait inonder de <anglicisme pos="nom" cc="6" sc="">tweets</anglicisme> à
            chaque <anglicisme pos="nom" cc="5" sc="1">match</anglicisme>
        </titre>
        <st> «JE NE SUIS PAS UN <anglicisme pos="nom" cc="4" sc="1">CLUB</anglicisme> DE <anglicisme
                pos="nom" cc="4" sc="1">FOOT</anglicisme>.» </st>
    </header>
    <auteur>
        <nom>Cecile Dehesdin </nom>
        <association>BuzzFeed Staff </association>
    </auteur>
    <corps>
        <ul>
            <li>
                <titre>Voici Chelsea LaSalle. Chelsea habite à San Francisco, où elle est
                        <anglicisme pos="adj" cc="9" sc="2">blogueuse</anglicisme> et photographe. </titre>
                <commentaire> Chelsea LaSalle / Via thedauphine.com </commentaire>
            </li>
            <li>
                <titre>Chelsea n’est PAS un <anglicisme pos="nom" cc="4" sc="1">club</anglicisme> de
                        <anglicisme pos="nom" cc="4" sc="1">foot</anglicisme>. </titre>
            </li>
            <li>
                <titre>Mais elle a le compte <anglicisme pos="adj" cc="7" sc="2"
                        >Twitter</anglicisme> @Chelsea. </titre>
                <commentaire>Elle se retrouve donc régulièrement mentionnée sur <anglicisme
                        pos="nom" cc="7" sc="2">Twitter</anglicisme> par des gens qui croient parler
                    au <anglicisme pos="nom" cc="4" sc="1">club</anglicisme> de <anglicisme
                        pos="nom" cc="4" sc="1">foot</anglicisme> britannique. </commentaire>
            </li>
            <li>
                <titre>Parfois, les gens sont polis. </titre>
            </li>
            <li>
                <titre>Elle en profite pour faire de l’<anglicisme pos="nom" cc="6" sc="2"
                        >humour</anglicisme>. </titre>
            </li>
            <li>
                <titre>Parfois, non. </titre>
            </li>
            <li>
                <titre>«Je me suis inscrite sur <anglicisme pos="nom" cc="7" sc="2"
                        >Twitter</anglicisme> en 2008, @chelsea était pris mais c’était un compte
                    inactif», explique Chelsea LaSalle à BuzzFeed France. </titre>
                <commentaire>«Un de mes amis travaillait à Twitter, et il m’a donné le compte»,
                    poursuit-elle (c’est en effet techniquement possible, mais bon courage pour y
                    parvenir). </commentaire>
            </li>
            <li>
                <titre>«Je savais que des gens me mentionneraient par erreur en pensant taguer leurs
                    amies s’ils ne savaient pas vraiment utiliser <anglicisme pos="nom" cc="7"
                        sc="2">Twitter</anglicisme>, mais je ne m’attendais pas à cet afflux de
                        <anglicisme pos="nom" cc="4" sc="1">fans</anglicisme> de <anglicisme
                        pos="nom" cc="4" sc="1">foot</anglicisme>!» </titre>
            </li>
            <li>
                <titre>Même le compte de la Fifa s’est trompé, comme l’a relevé Le Scan Sport.
                </titre>
            </li>
            <li>
                <titre>Mercredi, avec le <anglicisme pos="nom" cc="5" sc="1">match</anglicisme>
                    Chelsea-PSG, elle a eu droit aux <anglicisme pos="nom" cc="4" sc="1"
                        >fans</anglicisme> français. </titre>
            </li>
            <li>
                <titre>«Quand il y a <anglicisme pos="nom" cc="5" sc="1">match</anglicisme> j’ai
                    entre 50 et 100 mentions par minute, c’est de la folie.» </titre>
            </li>
            <li>
                <titre>«Je hais la saison de <anglicisme pos="nom" cc="8" sc="2"
                        >football</anglicisme>», a-t-elle alors <anglicisme pos="verbe" cc="6"
                        sc="2">tweeté</anglicisme>. «Quand je <anglicisme pos="verbe" cc="6" sc="1"
                        >tweete</anglicisme> ce genre de choses, c’est juste une blague. Ça ne me
                    dérange pas vraiment, c’est plutôt marrant.» </titre>
            </li>
            <li>
                <titre>«Je pense que c’est bien d’utiliser <anglicisme pos="nom" cc="7" sc="2"
                        >Twitter</anglicisme> pour rigoler un peu sur <anglicisme pos="nom" cc="8"
                        sc="3">Internet</anglicisme>» </titre>
            </li>
            <li>
                <titre>Tout le monde ne comprend pas son <anglicisme pos="nom" cc="6" sc="2"
                        >humour</anglicisme>, et elle reçoit parfois des <anglicisme pos="nom"
                        cc="6" sc="1">tweets</anglicisme> peu savoureux, voire carrément insultants.
                </titre>
            </li>
            <li>
                <titre>«Des gens ont déjà proposé de m’acheter mon compte mais j’ai dit non. C’est
                    contre les conditions d’utilisation de <anglicisme pos="nom" cc="7" sc="2"
                        >Twitter</anglicisme> de vendre son pseudo, et puis en plus c’est mon nom,
                    donc bon.» </titre>
            </li>
            <li>
                <titre>Et si le <anglicisme pos="nom" cc="4" sc="1">club</anglicisme> lui-même lui
                    proposait? «J’y réfléchirais, mais je ne pense pas.» </titre>
            </li>
            <li>
                <titre>Chelsea soutient Chelsea –«Bien sûr! Comment je pourrais soutenir une autre
                    équipe?»– mais elle n’est jamais allée à un <anglicisme pos="nom" cc="5" sc="1"
                        >match</anglicisme> du <anglicisme pos="nom" cc="4" sc="1"
                    >club</anglicisme>. </titre>
            </li>
            <li>
                <titre>A vous de jouer, @ChelseaFC. </titre>
            </li>
            <li>
                <titre>P.S. Tant qu’on y est, pas la peine non plus de mentionner @psg </titre>
            </li>
        </ul>
    </corps>
</article>
