<?xml version="1.0" encoding="UTF-8"?>
<?xml-model href="BuzzFeed_schema.rnc" type="application/relax-ng-compact-syntax"?>
<article>
    <!-- unedited URL for getting comments:http://www.buzzfeed.com/kirstenking/ce-couple-sest-offert-le-mariage-le-plus-hipster-et-rock-rol-->
    <header>
        <titre>Ce couple s’est offert le mariage le plus <anglicisme pos="adj" cc="7" sc="2"
                >hipster</anglicisme> et <anglicisme pos="adj" cc="9" sc="3">rock &amp;
                roll</anglicisme> possible </titre>
        <st> Ce qui se passe à Vegas… </st>
    </header>
    <auteur>
        <nom>Kirsten King </nom>
        <association>BuzzFeed Staff </association>
    </auteur>
    <corps>
        <ul>
            <li>
                <titre>Il y a un an, les Australiens Ainsley Hutchence et Sebastien Fogere
                    (co-créateurs de la Sticks and Stones Agency), ont décidé de prendre l’avion
                    pour Las Vegas et vivre le mariage le moins traditionnel et le plus <anglicisme
                        pos="adj" cc="4" sc="1">cool</anglicisme> que vous ayez jamais vu. </titre>
                <commentaire> JANNEKE STORM / jannekestorm.com </commentaire>
            </li>
            <li>
                <titre>Et honnêtement, après avoir vu les photos, vous aurez envie de faire pareil. </titre>
                <commentaire> JANNEKE STORM / jannekestorm.com </commentaire>
            </li>
            <li>
                <titre>« Je suppose qu’on s’est juste dit que ça pourrait être drôle », a expliqué
                    Ainsley à BuzzFeed. « La plupart des choses qu’on fait, c’est parce qu’on pense
                    que ça va être marrant. » </titre>
                <commentaire> JANNEKE STORM / jannekestorm.com </commentaire>
            </li>
            <li>
                <titre>« Quand on est arrivés là-bas, on a tout improvisé au fur et à mesure »,
                    explique Ainsley. </titre>
                <commentaire> JANNEKE STORM / jannekestorm.com </commentaire>
            </li>
            <li>
                <titre>Et ils ont l’air de s’être bien amusés. </titre>
                <commentaire> JANNEKE STORM / jannekestorm.com </commentaire>
            </li>
            <li>
                <titre>« Nous nous sommes rencontrés il y a six ans dans un café bio et ça a été le
                    coup de foudre », raconte Ainsley. </titre>
                <commentaire> JANNEKE STORM / jannekestorm.com </commentaire>
            </li>
            <li>
                <titre>Ils ont été unis par le King en personne. </titre>
                <commentaire> JANNEKE STORM / jannekestorm.com </commentaire>
            </li>
            <li>
                <titre>Et ces deux-là forment vraiment un couple sensationnel. </titre>
                <commentaire>Cette robe à dos nu, wahou. JANNEKE STORM / jannekestorm.com
                </commentaire>
            </li>
            <li>
                <titre>Sérieux, ils sont adorables. </titre>
                <commentaire> JANNEKE STORM / jannekestorm.com </commentaire>
            </li>
            <li>
                <titre>Ils se sont amusés dans la rue. </titre>
                <commentaire> JANNEKE STORM / jannekestorm.com </commentaire>
            </li>
            <li>
                <titre>Et ils étaient un vrai régal pour les yeux. </titre>
                <commentaire> JANNEKE STORM / jannekestorm.com </commentaire>
            </li>
            <li>
                <titre>Ils sont allés voir un <anglicisme pos="nom" cc="8" sc="3"
                        >tatoueur</anglicisme>. </titre>
                <commentaire> JANNEKE STORM / jannekestorm.com </commentaire>
            </li>
            <li>
                <titre>Sébastien s’est fait tatouer en souvenir de ce voyage. </titre>
                <commentaire> JANNEKE STORM / jannekestorm.com </commentaire>
            </li>
            <li>
                <titre>Et Ainsley aussi! </titre>
                <commentaire> JANNEKE STORM / jannekestorm.com </commentaire>
            </li>
            <li>
                <titre>Ils ont dansé au clair de lune. </titre>
                <commentaire> JANNEKE STORM / jannekestorm.com </commentaire>
            </li>
            <li>
                <titre>Et exploré Las Vegas. </titre>
                <commentaire> JANNEKE STORM / jannekestorm.com </commentaire>
            </li>
            <li>
                <titre>Félicitations à ce couple incroyable et adorable. </titre>
                <commentaire> JANNEKE STORM / jannekestorm.com </commentaire>
            </li>
            <li>
                <titre>On aimerait bien être vous. </titre>
                <commentaire> JANNEKE STORM / jannekestorm.com </commentaire>
            </li>
            <li>
                <titre>Sérieusement. </titre>
                <commentaire> JANNEKE STORM/ jannekestorm.com </commentaire>
            </li>
        </ul>
        <conversation>
            <commentaire>Je vois vraiment pas où est le truc sympa. Se marier dans une ville
                ultramoche, faudra m'expliquer.</commentaire>
            <commentaire>Il ya rien d'exceptionel!! C'est un <anglicisme pos="nom" cc="8" sc="2"
                    >shooting</anglicisme> à Las Vegas...super! -_- </commentaire>
            <commentaire>Effectivement pas très original surtout avec Elvis, par contre le
                photographe a carrément bien fait son taff.. jolie pix !</commentaire>
            <commentaire>Waow ça c'est du journalisme, rédiger un article sur un mariage de merde
                dont personne n'en a rien à foutre je dis bravo!</commentaire>
            <commentaire>J'aime les photos me je ne voudrais pas être présente dans leur mariage ..
                ils me demanderaint une stricte "<anglicisme pos="adj" cc="6" sc="2"
                    >hippie</anglicisme> chic" code vestimentaire et une "<anglicisme pos="adj"
                    cc="4" sc="1">cool</anglicisme>" attitude</commentaire>
            <commentaire>Rien d extraordinaire sur ces photos Sauf qualité de ces
                images</commentaire>
        </conversation>
    </corps>
</article>
