<?xml version="1.0" encoding="UTF-8"?>
<?xml-model href="BuzzFeed_schema.rnc" type="application/relax-ng-compact-syntax"?>
<article>
    <!-- unedited URL for getting comments:http://www.buzzfeed.com/nicholaswray/nallez-pas-en-nouvelle-zelande-->
    <header>
        <titre>27 preuves que vous ne devriez pas aller en Nouvelle-Zélande </titre>
        <st> HORS DE QUESTION. </st>
    </header>
    <auteur>
        <nom>Nick Wray </nom>
        <association>BuzzFeed Staff </association>
    </auteur>
    <corps>
        <ol>
            <li>
                <titre>1. Bienvenue en Nouvelle-Zélande… alias la petite sœur de l’Australie.
                </titre>
            </li>
            <li>
                <titre>2. Mais c’est quoi cette espèce de terrain vague ?! </titre>
            </li>
            <li>
                <titre>3. À la seconde même où vous posez les pieds ici, votre regard est agressé
                    par des paysages horribles. </titre>
            </li>
            <li>
                <titre>4. Cette vue. BEURK ! </titre>
            </li>
            <li>
                <titre>5. Les théâtres sont vraiment vieux et miteux. </titre>
            </li>
            <li>
                <titre>6. Les couchers de soleil sont médiocres. </titre>
            </li>
            <li>
                <titre>7. Regardez-moi ça, c’est répugnant. </titre>
            </li>
            <li>
                <titre>8. Comme si on pouvait avoir envie de visiter le lieu de tournage de ce
                        <anglicisme pos="nom" cc="4" sc="1">film</anglicisme> débile que personne
                    n’a vu. </titre>
            </li>
            <li>
                <titre>9. Ça s’appelait comment déjà ? </titre>
            </li>
            <li>
                <titre>10. Et puis pourquoi le ciel a-t-il cette couleur ? C’est louche. </titre>
            </li>
            <li>
                <titre>11. Aucun filtre <anglicisme pos="adj" cc="9" sc="3">Instagram</anglicisme>
                    ne pourrait rendre cette vue supportable. </titre>
            </li>
            <li>
                <titre>12. Mais regardez un peu ces grandes étendues… DÉPRIMANT ! </titre>
            </li>
            <li>
                <titre>13. Et ces collines trop moches qui vous rappellent les heures sombres où
                    vous aviez <anglicisme pos="nom" cc="9" sc="4">Windows XP</anglicisme>. </titre>
            </li>
            <li>
                <titre>14. Mais c’est quoi ça !? </titre>
            </li>
            <li>
                <titre>15. Au secours. </titre>
            </li>
            <li>
                <titre>16. BEURK ! </titre>
            </li>
            <li>
                <titre>17. <anglicisme pos="nom" cc="9" sc="3">Photoshop</anglicisme> est passé par
                    là, obligé ! </titre>
            </li>
            <li>
                <titre>18. Genre ça, c’est une route de Nouvelle-Zélande ? </titre>
            </li>
            <li>
                <titre>19. Vous pouvez toujours espérer que ce bateau va vous emmener loin d’ici.
                </titre>
            </li>
            <li>
                <titre>20. Mais en fait non, ça sert à rien ! Le pays est entièrement entouré d’eau
                    ! Vous êtes piégé ! </titre>
            </li>
            <li>
                <titre>21. Oh la la, de la soit-disant « nourriture » maintenant. </titre>
            </li>
            <li>
                <titre>22. En plus il y a des baleines partout… L’horreur. </titre>
            </li>
            <li>
                <titre>23. ~Wahou trooooop marrant !!~ </titre>
            </li>
            <li>
                <titre>24. Je remplacerais bien tout ça par des barres d’immeubles, moi. </titre>
            </li>
            <li>
                <titre>25. Peu importe où on regarde, c’est un supplice pour les yeux ! </titre>
            </li>
            <li>
                <titre>26. Pour faire court, suivez ce conseil… </titre>
            </li>
            <li>
                <titre>27. N’allez pas en Nouvelle-Zélande. </titre>
            </li>
        </ol>

        <conversation>
            <commentaire>Le #21 me donne faim :o</commentaire>
        </conversation>
    </corps>
</article>
