<?xml version="1.0" encoding="UTF-8"?>
<?xml-model href="BuzzFeed_schema.rnc" type="application/relax-ng-compact-syntax"?>

<article>
    <header>
        <titre>23 blagues que seuls les <anglicisme pos="nom" cc="4" sc="1">fans</anglicisme> du «
            Seigneur des Anneaux » trouveront drôles</titre>
        <st>Attention, ce post contient certaines blagues pourries.</st>
    </header>

    <auteur>
        <nom>Jarry Lee</nom>
        <association>BuzzFeed Staff</association>
    </auteur>
    <corps>
        <ol>
            <li>
                <titre>1. Cette vérité sur Aragorn.</titre>
            </li>
            <li>
                <titre>2. Cette transformation inattendue.</titre>
            </li>
            <li>
                <titre>3. Cet exemple de la logique de la Terre du Milieu.*</titre>
                <commentaire>*Techniquement dans Le Hobbit, pas dans Le Seigneur des
                    anneaux.</commentaire>
            </li>
            <li>
                <titre>4. Ce jeu de mots réussi.</titre>
            </li>
            <li>
                <titre>5. Cette explication sur l’Anneau.</titre>
            </li>
            <li>
                <titre>6. Cette phrase de Simba.</titre>
            </li>
            <li>
                <titre>7. Ce préservatif malin.</titre>
            </li>
            <li>
                <titre>8. Ce message de la Saint-Valentin.</titre>
            </li>
            <li>
                <titre>9. Et celui-ci.</titre>
            </li>
            <li>
                <titre>10. Ce <anglicisme pos="nom" cc="7" sc="2">spin-off</anglicisme>.</titre>
            </li>
            <li>
                <titre>11. Ce jeu de mots malheureux.</titre>
            </li>
            <li>
                <titre>12. Ce dialogue entre Éowyn et la reine-sorcière d’Angmar.</titre>
            </li>
            <li>
                <titre>13. Cette comparaison judicieuse.</titre>
            </li>
            <li>
                <titre>14. Ce lien avec Harry Potter.</titre>
            </li>
            <li>
                <titre>15. Cette référence à « Lolita malgré moi ».</titre>
            </li>
            <li>
                <titre>16. Ce <anglicisme pos="nom" cc="7" sc="2">mash-up</anglicisme>.</titre>
            </li>
            <li>
                <titre>17. Ce scénario alternatif.</titre>
            </li>
            <li>
                <titre>18. Ce <anglicisme pos="nom" cc="4" sc="2">logo</anglicisme> inspiré de
                    Disney.</titre>
            </li>
            <li>
                <titre>19. Ces membres de la confrérie des <anglicisme pos="nom" cc="8" sc="2"
                        >hipsters</anglicisme>.</titre>
            </li>
            <li>
                <titre>20. Ce jeu à boire.</titre>
            </li>
            <li>
                <titre>21. Ce raton laveur qui ressemble à Gandalf.</titre>
            </li>
            <li>
                <titre>22. Ce jeu de mots terrible.</titre>
            </li>
            <li>
                <titre>23. Et celui-ci qui est pire que tout.</titre>
            </li>
        </ol>

    </corps>
</article>
