<?xml version="1.0" encoding="UTF-8"?>
<?xml-model href="BuzzFeed_schema.rnc" type="application/relax-ng-compact-syntax"?>
<article>
    <!-- unedited URL for getting comments:http://www.buzzfeed.com/candacelowry/reference-cachee-les-nouveaux-heros-->
    <header>
        <titre>Vous avez sans doute raté ce petit clin d’œil dans « Les Nouveaux Héros » </titre>
        <st> Les animateurs de Disney ont encore frappé. </st>
    </header>
    <auteur>
        <nom>Candace Lowry </nom>
        <association>BuzzFeed Staff </association>
    </auteur>
    <corps>
        <ul>
            <li>
                <titre>1. On ESPÈRE que vous avez vu l’incroyable film d’animation « Les Nouveaux
                    Héros », qui a récemment remporté un <anglicisme pos="nom" cc="5" sc="2">Oscar</anglicisme>. </titre>
            </li>
            <li>
                <titre>2. Difficile d’oublier l’adorable Mochi, le gros chat arrogant d’Hiro.
                </titre>
            </li>
            <li>
                <titre>3. Mais il y a une chose que vous n’avez peut-être pas remarqué à propos de
                    l’adorable boule de poils. </titre>
            </li>
            <li>
                <titre>4. Quand Hiro se tient sur l’escalier et parle à sa tante Cass, vous pouvez
                    apercevoir les photos de famille en arrière-plan. L’une d’entre elles se détache
                    des autres. </titre>
            </li>
            <li>
                <titre>5. Si vous regardez plus attentivement, c’est une photo de Mochi extrêmement
                    grincheux et déguisé en Stitch de « Lilo &amp; Stitch » ! </titre>
            </li>
            <li>
                <titre>6. Merci, animateurs, pour cette image. </titre>
            </li>
            <li>
                <titre>7. Le film est par ailleurs rempli de références Disney. Vous pouvez voir
                    plus de clins d’œil, comme l’apparition de Hans de « La Reine des Neiges », dans
                    ces <anglicisme pos="nom" cc="6" sc="3">vidéos</anglicisme>. </titre>
            </li>
        </ul>
    </corps>
</article>
