<?xml version="1.0" encoding="UTF-8"?>
<?xml-model href="BuzzFeed_schema.rnc" type="application/relax-ng-compact-syntax"?>
<article>
    <!-- unedited URL for getting comments:http://www.buzzfeed.com/andreborges/34-motifs-de-rupture-pour-tout-fan-de-harry-potter-->
    <header>
        <titre>34 motifs de rupture pour tout <anglicisme pos="nom" cc="3" sc="1">fan</anglicisme>
            de «Harry Potter» </titre>
        <st> Quand ils prononcent LeviosAR, et pas LeviOsa. </st>
    </header>
    <auteur>
        <nom>Andre Borges </nom>
        <association>BuzzFeed India Contributor </association>
    </auteur>
    <corps>
        <ol>
            <li>
                <titre>1. Ils vous regardent bizarrement parce que vous attendez toujours votre
                    lettre d’admission à Poudlard. </titre>
            </li>
            <li>
                <titre>2. Ils prétendent toujours être des grands <anglicisme pos="nom" cc="4"
                        sc="1">fans</anglicisme> des <anglicisme pos="nom" cc="5" sc="1"
                        >films</anglicisme>. </titre>
                <commentaire>Mais n’ont jamais lu les livres. </commentaire>
            </li>
            <li>
                <titre>3. Ils pensent qu’Hermione était trop bien pour Ron. </titre>
            </li>
            <li>
                <titre>4. Et ils ne comprennent pas comment des «histoires pour enfants» vous ont
                    aidé durant les moments difficiles. </titre>
                <commentaire>Pour être honnête, je me sens triste pour les gens qui pensent ça.
                </commentaire>
            </li>
            <li>
                <titre>5. Ils font un <anglicisme pos="nom" cc="4" sc="1">quiz</anglicisme> en ligne
                    et sont placés à Serpentard. </titre>
            </li>
            <li>
                <titre>6. Ils disent que Harry aurait pu tout faire sans Ron et Hermione. </titre>
            </li>
            <li>
                <titre>7. Ils se demandent pourquoi vous pleurez À CHAQUE FOIS que vos personnages
                    préférés meurent… </titre>
            </li>
            <li>
                <titre>8. …et ils disent ensuite «C’est juste un livre». </titre>
            </li>
            <li>
                <titre>9. Ils ne tombent pas en faisant le mort quand vous leur criez Avada Kedavra.
                </titre>
            </li>
            <li>
                <titre>10. Ils ne lâchent pas tout ce qu’ils ont dans les mains quand vous leur
                    criez Expelliarmus. </titre>
            </li>
            <li>
                <titre>11. Ils ne savent pas lequel des deux jumeaux Weasley est mort. </titre>
            </li>
            <li>
                <titre>12. Ils prétendent qu’ils n’ont pas la chair de poule et des sensations
                    intenses quand ils relisent la série. </titre>
                <commentaire>AS-TU UN CŒUR DE PIERRE? </commentaire>
            </li>
            <li>
                <titre>13. Ils ne se demandent même pas quel pourrait être leur Patronus. </titre>
            </li>
            <li>
                <titre>14. Ils confondent tout le temps les Mangemorts et les Détraqueurs. </titre>
            </li>
            <li>
                <titre>15. Ils ne vous laissent pas garder un Choixpeau sur votre table de nuit.
                </titre>
            </li>
            <li>
                <titre>16. Ils s’énervent quand ils perdent leur portable et que vous suggérez que
                    ce sont les Nargoles qui l’ont pris. </titre>
            </li>
            <li>
                <titre>17. Ils détestent quand vous criez «10 points pour Gryffondor!» à chaque fois
                    qu’ils vous impressionnent au lit. </titre>
            </li>
            <li>
                <titre>18. Et ils n’aiment vraiment pas votre «méfait accompli» après le sexe.
                </titre>
            </li>
            <li>
                <titre>19. Ils pensent que Cho Chang était mieux pour Harry que Ginny. </titre>
            </li>
            <li>
                <titre>20. Ils détestent le fait que votre chambre soit remplie de souvenirs.
                </titre>
            </li>
            <li>
                <titre>21. Ils ne vous comprennent pas quand vous parlez en Fourchelang. </titre>
            </li>
            <li>
                <titre>22. Ils vous regardent de travers quand vous criez «Accio» quand vous avez la
                    flemme d’aller chercher la télécommande. </titre>
            </li>
            <li>
                <titre>23. Ils ne comprennent pas qu’aller à «The Wizarding World of Harry Potter»
                    est un séjour génial. </titre>
            </li>
            <li>
                <titre>24. Ils n’allument pas la lampe de leur portable quand vous leur criez Lumos.
                </titre>
            </li>
            <li>
                <titre>25. Ils comparent Harry Potter aux autres fandoms et disent, «en gros c’est
                    la même chose avec de la magie, non?» </titre>
            </li>
            <li>
                <titre>26. Ils ne comprennent même pas les règles du <anglicisme pos="nom" cc="9"
                        sc="2">Quidditch</anglicisme>. </titre>
            </li>
            <li>
                <titre>27. Ils disent que Rogue était un méchant. </titre>
            </li>
            <li>
                <titre>28. Ils ne connaissent pas Neville Londubat. </titre>
            </li>
            <li>
                <titre>29. Ils pensent que rester à la maison et passer la soirée à essayer de faire
                    de la Bièraubeurre est une perte de temps. </titre>
            </li>
            <li>
                <titre>30. Ils disent que le meilleur <anglicisme pos="nom" cc="4" sc="1"
                        >film</anglicisme> d’Alfonso Cuarón est Gravity. </titre>
            </li>
            <li>
                <titre>31. Ils détestent quand vous essayez de résoudre leurs problèmes avec de
                    vagues citations de Dumbledore. </titre>
            </li>
            <li>
                <titre>32. Ils ne sont pas émus quand vous leur faites un compliment en utilisant
                    des descriptions des personnages de Rowling. </titre>
            </li>
            <li>
                <titre>33. Ils ne comprennent pas pourquoi «toujours» est le mot le plus romantique
                    de toute la langue française. </titre>
            </li>
            <li>
                <titre>34. Et, surtout, ils n’ont pas grandi avec les personnages des livres pour
                    meilleurs amis. </titre>
                <commentaire>Ils ne pourront jamais comprendre. </commentaire>
            </li>
        </ol>

        <conversation>
            <commentaire>En général, ça marche avec tout l'univers des <anglicisme pos="nom" cc="5"
                    sc="1">geeks</anglicisme>, pour ça que les couples où les deux sont <anglicisme
                    pos="nom" cc="5" sc="1">geeks</anglicisme> sont vachement plus <anglicisme
                    pos="adj" cc="3" sc="1">fun</anglicisme>, ils se comprennent ^^</commentaire>
            <commentaire>La bièraubeurre... j'ai toujours voulu en boire!</commentaire>
            <commentaire>Ils existent des recettes pour en faire chez soi :)</commentaire>
            <commentaire><anglicisme pos="excl" cc="3" sc="1">Wow</anglicisme>
                <anglicisme pos="nom" cc="3" sc="1">fan</anglicisme> jusqu'au bout des ongles: école
                - Poudlard et tu sais faire de la bièraubeurre ^^</commentaire>
            <commentaire>Ah mais ouais, j'attends toujours ma lettre pour Poudlard :') Si tu veux je
                te file le lien de la recette ?</commentaire>
            <commentaire>je suis pas contre :)</commentaire>
            <commentaire>ça me tente bien aussi cette recette!!^^</commentaire>
            <commentaire>Pas de soucis les gens ! Suffit de demander :D
                http://hitek.fr/actualite/recette-film-fantastique_1239 Voilà, et comme c'est un
                mélange de différentes recettes pour personnes cultivées, y'a peut-être d'autres
                choses qui pourront vous intéresser :) Et bon app' ! x)</commentaire>
            <commentaire>*o*</commentaire>
            <commentaire>Si on me raconte des <anglicisme pos="excl" cc="8" sc="2"
                    >bullshit</anglicisme> sur HP : "oubliettes" et tout est réglé :)</commentaire>
            <commentaire>Sauf si tu t'appelles Gilderoy Lockhart :D</commentaire>
            <commentaire>surtout si j'ai la baguette cassée de ron :p</commentaire>
            <commentaire>Exact x)</commentaire>
            <commentaire>*o*</commentaire>
        </conversation>
    </corps>
</article>
