<?xml version="1.0" encoding="UTF-8"?>
<?xml-model href="BuzzFeed_schema.rnc" type="application/relax-ng-compact-syntax"?>
<article>
    <!-- unedited URL for getting comments:http://www.buzzfeed.com/scottybryan/cette-photo-sublime-de-leclipse-est-un-fake-->
    <header>
        <titre>Cette image sublime de l’éclipse est en fait un <anglicisme pos="nom" cc="4" sc="1"
                >fake</anglicisme>
        </titre>
        <st> C’est une image de synthèse – et elle circule en ligne depuis des années. </st>
    </header>
    <auteur>
        <nom>Scott Bryan </nom>
        <association>BuzzFeed Staff </association>
    </auteur>
    <corps>
        <ul>
            <li>
                <titre>Une fausse photo de l’éclipse solaire d’aujourd’hui, décrite comme prise
                    depuis la station spatiale internationale, a été partagée de façon massive sur
                    les réseaux sociaux, générant des milliers de <anglicisme pos="nom" cc="8"
                        sc="2">retweets</anglicisme>. </titre>
            </li>
            <li>
                <titre>Elle a même été partagée par certains <anglicisme pos="nom" cc="6" sc="2"
                        >médias</anglicisme> comme le Daily Record. </titre>
            </li>
            <li>
                <titre>Malheureusement, cette image n’a pas été prise aujourd’hui – et elle n’est
                    même pas réelle. </titre>
                <commentaire>Comme Gizmodo nous le disait en 2012, c’est en fait une image de
                    synthèse postée au départ sur DeviantArt par l’utilisateur A4size-ska, en 2009.
                </commentaire>
            </li>
            <li>
                <titre>Mais c’est vrai qu’elle est très jolie. </titre>
            </li>
        </ul>
        <conversation>
            <commentaire>Oui, ça va faire un moment que l'info a été donnée... Bravo mec
                !!!</commentaire>
        </conversation>
    </corps>
</article>
