<?xml version="1.0" encoding="UTF-8"?>
<?xml-model href="BuzzFeed_schema.rnc" type="application/relax-ng-compact-syntax"?>

<article>
    <header>
        <titre>20 choses vraies pour tous ceux qui ne sont pas du matin</titre>
        <st>Ne m’adressez pas la parole avant 9h.</st>
    </header>

    <auteur>
        <nom>Tahlia Pritchard</nom>
        <association>BuzzFeed Staff</association>
    </auteur>
    <corps>
        <ol>
            <li>
                <titre>1. Vous prenez votre douche la veille au soir pour pouvoir dormir 15 minutes
                    de plus.</titre>
                <commentaire>Le matin, chaque minute de sommeil est précieuse.</commentaire>
            </li>
            <li>
                <titre>2. Vous choisissez votre tenue la nuit d’avant...</titre>
                <commentaire>Personne n’a de temps pour prendre des décisions tôt le
                    matin.</commentaire>
            </li>
            <li>
                <titre>3. …et vous préparez aussi votre petit-déj à ce moment là.</titre>
            </li>
            <li>
                <titre>4. Ou bien, vous sautez votre petit-déjeuner pour dormir plus
                    longtemps.</titre>
                <commentaire>Un café plus tard dans la journée compte comme un petit déjeuner, non
                    ?</commentaire>
            </li>
            <li>
                <titre>5. Vos matinées se résument à appuyer sans cesse sur le bouton de rappel du
                    réveil.</titre>
                <commentaire>Tout est bon pour retarder le lever.</commentaire>
            </li>
            <li>
                <titre>6. Et aussitôt le réveil éteint, vos premiers mots sont des jurons.</titre>
            </li>
            <li>
                <titre>7. Votre vie consiste à constamment battre des <anglicisme pos="nom" cc="7"
                        sc="2">records</anglicisme> de temps de préparation.</titre>
                <commentaire>Évidemment, c’est pour utiliser le reste du temps à faire des choses
                    plus importantes. Comme dormir.</commentaire>
            </li>
            <li>
                <titre>8. Vous êtes incapable d’aligner deux mots avant 9h.</titre>
            </li>
            <li>
                <titre>En fait vous évitez toutes les conversations et interactions avant
                    9h.</titre>
            </li>
            <li>
                <titre>10. Vous luttez tous les matins dans les transports…</titre>
                <commentaire>… pour ne pas vous endormir avant l’arrêt.</commentaire>
            </li>
            <li>
                <titre>11. Et le plus souvent, vous êtes en retard au travail.</titre>
            </li>
            <li>
                <titre>12. Vous ne comprenez pas que les gens s’émerveillent devant le lever de
                    soleil.</titre>
            </li>
            <li>
                <titre>13. C’est quoi un lever de soleil ?</titre>
            </li>
            <li>
                <titre>14. Ils ne savent pas que les couchers de soleil, c’est vachement mieux
                    ?</titre>
                <commentaire>Parce que c’est un moment beaucoup plus convenable pour être
                    éveillé.</commentaire>
            </li>
            <li>
                <titre>15. Vous avez une tête de déterré jusqu’à au moins midi.</titre>
            </li>
            <li>
                <titre>16. Donc les gens vous demandent souvent pourquoi vous êtes en
                    colère.</titre>
            </li>
            <li>
                <titre>17. Euh, parce qu’il est trop tôt pour être debout, connards, et POURQUOI
                    ÊTES-VOUS SI CONTENTS ?!</titre>
            </li>
            <li>
                <titre>18. Vous passez vos journées à compter les heures jusqu’aux retrouvailles
                    avec votre véritable amour…</titre>
                <commentaire>Votre lit.</commentaire>
            </li>
            <li>
                <titre>19. Et en particulier jusqu’à la grasse matinée du samedi.</titre>
                <commentaire>Quand il est tout à fait acceptable d’être au lit jusqu’à
                    midi.</commentaire>
            </li>
            <li>
                <titre>20. Et l’aspect positif dans tout ça, c’est que vous êtes super productif la
                    nuit, quand tout le monde dort.</titre>
            </li>
        </ol>
        <conversation>
            <commentaire> Oh que je me reconnais </commentaire>
        </conversation>
    </corps>
</article>
