<?xml version="1.0" encoding="UTF-8"?>
<?xml-model href="BuzzFeed_schema.rnc" type="application/relax-ng-compact-syntax"?>
<article>
    <!-- unedited URL for getting comments:http://www.buzzfeed.com/emaoconnor/cet-homme-vit-seul-dans-une-zone-radioactive-pour-->
    <header>
        <titre>Cet homme vit seul dans la zone radioactive de Fukushima pour s’occuper des animaux
            abandonnés </titre>
        <st> «Je n’avais pas le choix, je devais rester», raconte Naoto Matsumura. «Je ne pouvais
            pas laisser les animaux.» </st>
    </header>
    <auteur>
        <nom>Ema O'Connor </nom>
        <association>BuzzFeed News Reporter </association>
    </auteur>
    <corps>
        <ul>
            <li>
                <titre>1. En 2011, la ville de Fukushima au Japon a été évacuée à cause de la fusion
                    des réacteurs d’une centrale nucléaire, causée par un tremblement de terre et un
                    tsunami. </titre>
                <commentaire>Naoto Matsumura à la gare de Tomoika, détruite par le tsunami.
                </commentaire>
            </li>
            <li>
                <titre>2. Environ 30.000 personnes ont fui la zone, en laissant la plupart des
                    animaux derrière eux. Le fermier Naoto Matsumura est revenu pour s’occuper
                    d’eux. </titre>
            </li>
            <li>
                <titre>4. Naoto Matsumura raconte qu’il a d’abord évacué la zone avec sa famille,
                    mais qu’il était tellement difficile de trouver un abri qu’il a décidé de
                    retourner chez lui. Il s’est alors rendu compte du nombre d’animaux abandonnés
                    qui avaient besoin d’aide. </titre>
                <commentaire>«Je n’avais pas d’autre choix que de rester», a-t-il raconté àVice. «Je
                    ne pouvais pas laisser les animaux. Il fallait les nourrir.» </commentaire>
            </li>
            <li>
                <titre>6. Il a découvert que des milliers d’animaux étaient morts car ils avaient
                    été laissés dans leurs enclos ou attachés sans eau ni nourriture. </titre>
                <commentaire>Naoto, qui est un ancien ouvrier du bâtiment, a construit et réparé des
                    espaces pour permettre aux animaux de vivre en sécurité. Il passe ses journées à
                    explorer sa ville désertée, à nourrir et s’occuper des animaux avec l’argent
                    donné par des gens qui le soutiennent. </commentaire>
            </li>
            <li>
                <titre>8. Il passe la plupart de son temps dans la zone interdite, mais fait souvent
                    des allocutions et des conférences de presse dans d’autres villes, pour
                    témoigner de la souffrance subie par sa ville, et obtenir de l’aide pour ses
                    animaux. </titre>
                <commentaire>«On nous a dit que l’évacuation est plus risquée que la radiation»,
                    explique-t-il. «Avec le recul, je pense que le maire a commis une terrible
                    erreur en donnant l’ordre d’évacuer.» </commentaire>
            </li>
            <li>
                <titre>10. L’homme de 55 ans a dit à la BBC qu’il est conscient d’être en permanence
                    exposé aux radiations, mais il n’est pas inquiet car il ne consomme que des
                    aliments produits hors de Tomoika. </titre>
                <commentaire>«Ils m’ont dit que je ne serai pas malade avant 30 ou 40 ans»,
                    explique-t-il. «Il y a de grandes chances que je sois mort d’ici là, donc cela
                    n’a aucune importance.» </commentaire>
            </li>
            <li>
                <titre>12. Les autorités lui ont intimé l’ordre de quitté la zone interdite, mais
                    Naoto y reste sans regrets depuis plus de quatre ans. </titre>
                <commentaire>«Le gouvernement essaie aussi de faire abattre le bétail qui demeure
                    dans la zone contaminée», raconte-t-il. </commentaire>
            </li>
        </ul>
    </corps>
    <conversation>
        <commentaire> </commentaire>
    </conversation>
</article>
