<?xml version="1.0" encoding="UTF-8"?>
<?xml-model href="BuzzFeed_schema.rnc" type="application/relax-ng-compact-syntax"?>
<article>
    <!-- unedited URL for getting comments:http://www.buzzfeed.com/kirstenking/corps-de-reve-->
    <header>
        <titre>34 corps parfaits en bikini </titre>
        <st> Règle numéro 1: il n’y a pas de règles. </st>
    </header>
    <auteur>
        <nom>Kirsten King </nom>
        <association>BuzzFeed Staff </association>
    </auteur>
    <corps>
        <ol>
            <li>
                <titre>1. À l’approche des beaux jours, on nous parle souvent dans les pubs et les
                        <anglicisme pos="nom" cc="9" sc="3">magazines</anglicisme> de corps parfait
                    pour la plage. </titre>
            </li>
            <li>
                <titre>2. Mais c’est un mensonge. </titre>
            </li>
            <li>
                <titre>3. La perfection, ça n’existe pas. Et la beauté revêt toutes les formes
                    possibles et imaginables. </titre>
            </li>
            <li>
                <titre>4. Un corps canon peut ressembler à ça: </titre>
            </li>
            <li>
                <titre>5. Ou à ça: </titre>
            </li>
            <li>
                <titre>6. Ou à ça: </titre>
            </li>
            <li>
                <titre>7. Voici une personne canon: </titre>
            </li>
            <li>
                <titre>8. Pas besoin d’être d’une certaine couleur: </titre>
            </li>
            <li>
                <titre>9. Ou de faire un certain poids: </titre>
            </li>
            <li>
                <titre>10. Ou une certaine taille: </titre>
            </li>
            <li>
                <titre>11. La beauté c’est avant tout dans votre tête. </titre>
            </li>
            <li>
                <titre>12. Que vous vous trouviez méga-canon: </titre>
            </li>
            <li>
                <titre>13. Ou super <anglicisme pos="adj" cc="4" sc="1">cool</anglicisme>: </titre>
            </li>
            <li>
                <titre>14. Il n’y a que vous qui pouvez dire si votre corps est parfait ou pas.
                </titre>
            </li>
            <li>
                <titre>15. Personne d’autre. </titre>
            </li>
            <li>
                <titre>16. Cette femme? Canon. </titre>
            </li>
            <li>
                <titre>17. Et celle-ci? Sublime. </titre>
            </li>
            <li>
                <titre>18. Alors sortez votre bikini. </titre>
            </li>
            <li>
                <titre>19. Lâchez vos <anglicisme pos="nom" cc="8" sc="3">Special K</anglicisme>.
                </titre>
            </li>
            <li>
                <titre>20. Et n’écoutez pas les autres. </titre>
            </li>
            <li>
                <titre>21. Un corps parfait pour la plage? </titre>
            </li>
            <li>
                <titre>22. C’est juste votre corps, à la plage. </titre>
            </li>
            <li>
                <titre>23. Si cette femme n’est pas parfaite en bikini, il faut qu’on m’explique.
                </titre>
            </li>
            <li>
                <titre>24. BRAVO. </titre>
            </li>
            <li>
                <titre>25. Comme nous l’a enseigné Mindy Kaling… </titre>
            </li>
            <li>
                <titre>26. «Comportez-vous comme si vous ressembliez à Armie Hammer». </titre>
            </li>
            <li>
                <titre>27. Et éclatez-vous. </titre>
            </li>
            <li>
                <titre>28. Parce que quand on parle de beauté, le plus important… </titre>
            </li>
            <li>
                <titre>29. Ce n’est pas ce que les autres pensent de vous. </titre>
            </li>
            <li>
                <titre>30. C’est que vous vous trouviez belle. </titre>
            </li>
            <li>
                <titre>31. Et que vous passiez un bon moment. </titre>
            </li>
            <li>
                <titre>32. N’oubliez pas: rien ne vous empêche d’être fière de votre corps. </titre>
            </li>
            <li>
                <titre>33. Parce qu’il est à vous. </titre>
            </li>
            <li>
                <titre>34. Et ceux qui vous disent le contraire, on les emmerde. </titre>
            </li>
        </ol>

        <conversation>
            <commentaire>Je suis d'accord, la beauté existe sous toutes ses formes, mais la santé
                non. C'est une chose de s'accepter tel que l'on est, s'en est une autre de
                promouvoir de mauvaises habitudes de vie! Lâchez vos <anglicisme pos="nom" cc="8"
                    sc="3">special K</anglicisme>? Vraiment? Si ce petit geste est le premier pas
                vers une prise en main de votre santé (et je ne parle pas de poids), allez y
                mesdames!</commentaire>
            <commentaire>Oui, mais il faut admettre que ce n'est pas parce qu'une femme est ronde,
                qu'elle est en mauvaise santé. Par exemple, moi, je suis ronde, je mange sainement,
                je fais du <anglicisme pos="nom" cc="5" sc="1">sport</anglicisme>, je médite,
                j'aime, je ris ... et mes analyses sont parfaites ! D'ailleurs de nombreuses
                personnes minces souffrent de mauvais cholestérol, car elles se sentent autorisées à
                manger n'importe quoi ... alors qu'on interdit presque aux rondes d'aimer le pain
                !!! Il faut savoir que celles qui contrôlent leur poids et qui sont obsédées par
                leur image ont bien plus de problèmes psychologiques que les autres ... Le secret
                tient dans l'équilibre et aussi l'acceptation, car l'imperfection est beauté. Il y a
                beaucoup trop de stéréotypes et de clichés désaxés ... beaucoup trop d'images
                conformes aux fameuses normes imposées par la société mais au combien fausses !
                C'est réellement un drame de se cacher derrière toute une panoplie d'artifices ...
                mais là, on élargit le sujet ... et c'est un vaste sujet ! :)</commentaire>
            <commentaire>Je tiens à dire que je parle uniquement de la santé. Selon moi, l'être
                humain beau de par sa diversité. Je suis d'accord avec vous sur certains points. La
                santé ne se mesure pas qu'à une forme ou un chiffre (à moins de lire un rapport
                médical). Sauf qu'il faut reconnaître qu'il existe deux extrême (maigreur et
                obésité). Par contre, je ne peut affirmer avec certitude que les gens maigre
                souffrent d'avantage que les obèses. La suralimentation peut être lié à plusieurs
                problèmes psychologiques aussi. Le surpoids peut être lié à diverses forme de
                dépendance entre autre. Le surpoid fait (selon moi, encore, je ne peux affirmer avec
                certitude) beaucoup plus de victimes que la maigreur. Ce qui expliquerait le
                pourquoi de l'emphase des campagnes de sensibilisation sur le sujet. Ce qui me
                dérange, c'est que les articles qui traitent de la beauté ont de plus en plus
                tendance à condamner le style de vie sain. Sur un même <anglicisme pos="nom" cc="4"
                    sc="1">site</anglicisme> ou dans un même <anglicisme pos="nom" cc="8" sc="3"
                    >magasine</anglicisme>, on vous dira de vous accepter tel quel, mais quelques
                pages plus loin, on nous raconte, ou on nous colle une publicité sur comment rester
                jeune et mince. C'est de l'hypocrisie à mon avis. Au lieu de condamner les petits
                gestes au quotidien pour améliorer notre bien être (comme dans ce cas-ci: faire un
                choix alimentaires en consommant des <anglicisme pos="nom" cc="8" sc="3">Special
                    K</anglicisme>) pourquoi ne pas les encourager, non pas pour être
                mince/belle/jeune, mais BIEN! Généralement en faisant, comme vous, de gestes au
                quotidien pour améliorer son mode de vie, la santé vient d'elle-même
                :).</commentaire>
            <commentaire>Stéphanie Martel tout à fait d'Accord avec vous ! :) Je tiens aussi à dire
                que je ne suis pas la seule à penser que ce qui plaît en une personne, c'est surtout
                ce qui se dégage d'elle ... et ça je le pense sincèrement. Je n'ai pas de critères
                particuliers pour dire qu'une personne est belle ... et j'aime souvent les
                imperfections justement. Pour moi, c'est ce qui émane de la personne qui me séduit
                ou pas bien plus qu'un joli nez, de belles fesses ou de gros muscles ... ;)
                L'attirance est une question de vibrations ...</commentaire>
            <commentaire>Stéphanie Martel La santé mentale compte aussi et trop souvent, les gens
                l'oublie. La joie de vivre compte! Peu importe qu'on soit squelettique, moyenne ou
                grosse... La vie commence quand on réalise qu'on n'en a QU'UNE À VIVRE! À la plage,
                il y a des gens des fois qui disent des choses méchantes en me voyant mais, je m'en
                fou ... j'aime trop me baigner, fermer les yeux en savourant la chaleur du soleil et
                la brise sur mon visage... avec un bon p'tit drink rafraichissant! Le bonheur passe
                bien avant la mesquinerie des autres... Ça devrait TOUJOURS être comme ça! La santé
                mentale compte aussi!</commentaire>
            <commentaire>Le fait d'être heureuse a un impact sur la santé! D'ailleurs, je n'ai AUCUN
                PROBLÈME de cholestérol, diabète etc. le <anglicisme pos="nom" cc="6" sc="1"
                    >stress</anglicisme> et être malheureux, ce n'est pas bon pour la santé: ça rend
                malade... Donc, qu'on soit squelettique, moyenne ou grosse, on a TOUS droit au
                bonheur et si on est heureux, les effets ne sont PAS négligable sur la
                santé.</commentaire>
            <commentaire>une bonne hygiène de vie permet de perdre le poids en surplus et en même
                temps garder une jolie figure. mais il faut un an minimum (sans les merdes : régime,
                sucre , 20h a la gym etc). et la fille parfaite(ment <anglicisme pos="adj" cc="10"
                    sc="3">photoshope</anglicisme>) au couverture n'est pas comme sur la photo en
                réalité. </commentaire>
            <commentaire>Une bonne hygiène permet d'être en bonne santé ... mais pas forcément de
                perdre du poids pour tout le monde ! Je parle en connaissance de cause. Si je
                voulais perdre, il faudrait que j'élimine tous les féculents ! Car en mangeant
                sainement et raisonnablement, en faisant du <anglicisme pos="nom" cc="5" sc="1"
                    >sport</anglicisme> depuis toujours, je garde certaines rondeurs ! Or, j'aime
                les féculents, du moins certains; j'aime mon pain bio du matin, et faire un repas de
                salade et viande ou légumes et viande le midi, n'est pas tenable pour moi à longueur
                d'année ... Donc, je m'accorde quand même une dose raisonnable de féculents le midi
                ... donc, je garde des rondeurs. Par contre, je connais des personnes de mon
                entourage qui mangent des cochonneries, comme des <anglicisme pos="nom" cc="5"
                    sc="1">chips</anglicisme>, de la malbouffe, boivent des <anglicisme pos="nom"
                    cc="5" sc="2">sodas</anglicisme> ... et qui en mangeant aussi des féculents,
                vont maigrir en stoppant les cochonneries ... Le seul truc qui est valable pour tous
                ... c'est que si on ne mange pratiquement pas ... on maigrit ... mais est-ce qu'il
                faut imposer ça à une personne sous prétexte qu'elle est ronde et que de nos jours,
                contrairement à une époque, les rondeurs ne sont plus le critère de beauté imposé
                par la société ? La physiologie de chacun est différente et certains vont manger de
                tout sans faire attention et vont être minces ...et j'en connais pas mal ... et
                d'autres avec des proportions moindres, vont être plus ronds ... Le drame est de
                croire qu'un truc qui marche pour l'un, va forcément marcher pour l'autre.
                D'ailleurs, il est prouvé que les régimes ne marchent pas ou marchent de manière
                ponctuelle seulement ... il faut apprendre a se connaître et ne pas vouloir rentrer
                dans un moule qui ne nous convient pas et il faut garder les yeux, et surtout
                l'esprit grands ouverts.</commentaire>
            <commentaire>C'est genant de voir que les gens voies et entande seulement se qu'il
                veulent. Sur 34 photos il y en a 13 de corps dit dans les normes,(
                2-4-8-11-13-14-18-19-24-27-30-32-33). Mais vous retenez seulement ceux des (obeses)
                En les regardants sa ma encourager. Mais en lisant vos commentaires sa ma
                redecourager!!! Sa ne conserne pas l'obesiter ou l'anorexie aux niveau de l'image
                physique seulement!! Mais c'est mentale!! Se sentir bien dans sa peau aller de
                l'avant aprendre a s'aimer une journer a la foi malgrer que nous ne suivons pas la
                caricature de la societer. Oui il faux arreter de complexer sur son poid!!!!
                Sapristi!!!! Sa empeche pas de bien manger, bouger,VIVRE, faire de l'exercie et
                faire des choix differants pour notre santer. Il y a des femmes que vous ne savez
                meme pas le courage que sa leur a pris pour prendre c'est photos!! Il y a des gens
                que c'est votre inteligence qui est anorexique!! Aller vous nourrir avec un peu de
                bon sens!! Au lieu de metre les autres dans des boites alors que c'est vous qui etes
                mal a l'aise avec la differance des autres!</commentaire>
            <commentaire>Le sous-poids et le surpoids sont des MALADIES, extrêmement dangereuse, qui
                ne sont engendrées par des habitudes de vies malsaines. Si c'est "ton choix", tant
                pis pour toi, mais ça n'est pas un modèle à donner pour autant.</commentaire>
            <commentaire>Ta rien compris!!! Et qui te dit que c'est mon choix!!! Serieusement avant
                de dire n'importe quoi reflechit!!! Je parle justement quand c'est pas un choix. Et
                que tu fais tout pour que sa change, mais que tu veux vivre ta vie dans la liberte
                sans te faire juger.</commentaire>
            <commentaire>Maxime Puebla Le pire c'est que tu dit tout dans ton message!!!( Maladie
                extrement dangereuse engendrees par des habitudes de vies malsaines. ) C'est
                exactement ce que j'ais dit, on peu etre gros vouloir changer en fe sant des choix
                diffrerants, mais on veux vivre notre vie comme n'importe qui sans se faire juger
                par les autresqui on mal aux yeux en nous voyant!!!</commentaire>
            <commentaire>Maxime Puebla, Jais toujour eu un surplus que j'ais perdu en m'entrainant,
                a 18 ans je pesais enfin 150livres quelque mois après je suis tomber dans une
                depression qui ma fais gagner le double de mon poid. depuis 12 ans que je vie
                situation et echec du a des abut et tout autres chose negative arriver dans ma vie.
                Je me bat pour le perdre!! Mais je me suis rendu compte que mon problem en realiter
                c'est dans ma tete!! Alors j'ais decider de commenser a m'aimer, m'encourager!! A
                avoir confiance meme si je ne suis pas dans les standar de la societe! Reflerchiser
                avant de dire n'importe quoi!! ETRE GROS C'EST PAS UN CHOIX!!</commentaire>
            <commentaire>Maxime Puebla Sauf qu'il y une différence entre être anorexique pis manger
                comme folle en restant mince et se faire dire que des belles filles ça la des
                courbes ! je suis pas pour le surpoids ni le sous poids, mais parfait dans les deux
                cas on a pas de contrôle dessus... moi j'ai beau manger je reste aussi mince et je
                garde des petits seins qui font qu'on rit de moi... L'article servait a montrer que
                même si tu as pas un corps dit "parfait" il faut pas que tu t'empêche de vivre. Ton
                idée est hors sujet ...</commentaire>
            <commentaire>Maxime Puebla Un peu n'importe quoi ton commentaire mais bon... Tu peux
                être obèses parce que tu as une mauvaise hygiène de vie, mais tu peux aussi l'être
                sans avoir une mauvaise hygiène de vie. Au moins les stéréotypes et le discours des
                biens pensants fonctionnent sur certains hein. L'obésité est surtout considéré comme
                une maladie parce qu'elle n'entre pas dans les standards qu'impose la société.
                occidentales qui veut qu'une belle femme soit maigres et <anglicisme pos="adj"
                    cc="12" sc="3">photoshopées</anglicisme>. Ceci entraine des complexes chez les
                femmes obèses mais aussi les femmes maigres et qui ne grossissent pas même si elles
                mangent. Donc oui faut arrêter avec les conneries un peu et d'écouter nos
                scientifiques et nos <anglicisme pos="nom" cc="6" sc="2">médias</anglicisme> qui
                dictent le méthodes de bonnes conduites à avoir. Y a le même problème chez les
                hommes. On devrait tous faire 1 mètres 85 pour 85 kilos de muscles. Malheureusement
                pour moi, je fais 1 m 70 et pour 65 kilos. Comme les obèses je dois être banni de la
                société parce que je n'entre pas dans la norme qu'on veut nous imposer
                ?</commentaire>
            <commentaire>On pourrait faire la promotion du tabagisme aussi tant qu'à encourager le
                surplus de poids...c'est tout aussi malsain.</commentaire>
            <commentaire>C'est juste un article pour déculpabiliser la gente féminine, parce qu'on
                sait qu'arriver avril-mai on va voir partout dans les <anglicisme pos="nom" cc="9"
                    sc="3">magazines</anglicisme>, à la télé les fameux exercices pour mincir, les
                recettes pour perdre du poids, être au top dans son bikini, ou encore comment être
                une déesse à la plage?... et franchement, personnellement même, c'est des fois
                frustrant, vexant voire terrifiant parce qu'on ne peut pas coller à la morphologie
                dite parfaite à l'instant T sachant qu'on est toutes et tous différents ... Alors
                merci pour cet article, ça fait du bien d'être acceptée comme on est
                :)</commentaire>
            <commentaire>C'est marrant moi je n'ai vu que des femmes. Elles étaient toutes
                différentes, c'est la chose que j'ai retenue. T'inquiète, le jour ou on fera la
                promotion de l'ouverture d'esprit, Alexandre, on t'appelle, histoire que tu ne reste
                pas ignorant. nb : ahhh si dans les <anglicisme pos="nom" cc="9" sc="3"
                    >magazines</anglicisme>, les bites était aussi exposé que nos corps, y'en a qui
                déprimerait bien dans leur lit en mangeant de le glace, hein.</commentaire>
            <commentaire>Je suis d'accord avec Alexandre. Faudrait arrêter d'essayer de nous faire
                croire que le surpoid c'est normal. Ca l'est pas. </commentaire>
            <commentaire>Nicolas Balni cet article ne traite pas du surpoids... je vais pas me
                répéter c'est juste un article qui vise à arrêter de se prendre la tête sur les
                canons de beauté des temps modernes c'est tout. Et puis j'ai envie de rajouter que
                les morphologies sont des héritages, donc c'est pas parce qu'une personne est ronde
                qu'elle est grosse, c'est juste qu'elle est comme ça... après si tu préfères une
                société conformistes, avec une norme de taille, de poids... ça ne regarde que
                toi</commentaire>
            <commentaire>Nicolas Balni c'est vrai que dès que les femmes on pas des nibars gros
                comme des mongolfière ou les os sur la peau ca dérange ... tu sais des femmes y'en a
                qui le vivent bien leur surpoids</commentaire>
            <commentaire>Moi, j'ai déjà été SUPER complexé à 130 - 140 lbs... au point de ne jamais
                aller à la plage... JAMAIS PLUS! Maintenant, je suis énorme PIS? J'veux vivre du bon
                temps, avoir du <anglicisme pos="nom" cc="3" sc="1">fun</anglicisme>, profiter du
                soleil et de la plage! Peu importe qu'on soit squelettique, moyenne ou grosse... la
                vie commence quand on réalise qu'on n'en a QU'UNE À VIVRE! À la plage, il y en a des
                fois qui disent des choses méchantes en me voyant mais, je m'en fou ... j'aime trop
                me baigner, fermer les yeux en savourant la chaleur du soleil et la brise sur mon
                visage... avec un bon p'tit <anglicisme pos="nom" cc="5" sc="1">drink</anglicisme>
                rafraichissant! Le bonheur passe bien avant la mesquinerie des autres... Ça devrait
                TOUJOURS être comme ça!</commentaire>
            <commentaire>Je suis un peu déçue de toi dans ta réaction! Le but c'est pas de dire de
                mal se nourrir ou de ne pas faire de sport. C'est juste de s'accepter comme on est.
                Dans les photos il y a des filles musclées, des filles minces, des filles maigres,
                des moyennes et des plus grosses. Pas mal tout les corps sont représentés tant qu'à
                moi. Mais le message c'est de dire d'arrêter de complexer au lieu de profiter de la
                vie. La saison des bikinis s'en vient et combien de filles ont va entendre dire 'Ah
                non, moi j'aime pas ça me baigner' parce que dans le fond elles sont gêner d'être en
                maillot. Et ça, c'est même pas une question de surplus de poids ou non. C'est une
                question d'estime de soi. Et même si tu t'entraînes et que tu mange sainement,
                t'auras pt pas une shape de mannequin d'ici l'été ou plus tard non plus. C'est juste
                de dire profites donc de la vie au lieu de penser à ce que les autres vont dire de
                toi. Probablement qu'ils vont rien dire anyway.</commentaire>
            <commentaire>Y'en a qui l'on pas décidé leur surplus de poids. Avant j'étais mince et
                maintenant je suis ronde pour ne pas dire obèse. Mais ça je l'ai pas décidé. J'ai
                beau mangé sainement, ou limite ne manger que des concombres tout les jours en
                allant courir, c'est pas pour autant que je perds des kilo. Ça dépend uniquement de
                la morphologie de chacun, des gênes, et de l'hérédité. Je sais que je ne ferais
                jamais 50kilo tout mouillé car c'est impossible sans arrêter de me
                nourrir.</commentaire>
            <commentaire>Ma belle Jenny... tanpis pour les autres! Vivez pour vous et ne vous
                empêchez pas de vivre des choses agréables à cause de ce que les autres pourraient
                penser. Rien à foutre! La vie commence quand on réalise qu'on n'en a QU'UNE À VIVRE!
                Mordez dans la vie et profitez-en à FOND! L'été s'en vient, j'ai hâte! Et vous?
                :D</commentaire>
            <commentaire>Merci beaucoup. Façon je ne culpabilise en rien, je sais MOI que je mange
                ce qu'il faut QUAND il faut. Je ne grignote pas entre les repas, et je ne mange pas
                de sucrerie. Le seul sucre que je m'accorde dans une journée c'est celui que je met
                dans mon café le matin. Je vis bien, je cours tout les jours 45 min alors j'emmerde
                tout ceux qui me disent que je mérite le poids que je fais !</commentaire>
            <commentaire>Nicolas Balni c'est drôle ça ... dans ces photos, il y a avait aussi des
                filles maigres ... mais là ... rien à redire !!! Pourtant est-ce plus normal d'être
                maigre que gros ? Où est la normalité ??? Le but de l'article, n'est pas d'imposer
                une vision unique de la normalité ou de la beauté ... c'est d'inciter à voir
                autrement, et surtout de réaliser que nos esprits sont enfermés et conditionnés à
                réagir sur les rondeurs ... la preuve, vous n'avez rien dit sur la maigreur
                ...</commentaire>
            <commentaire>Sarah Barrau Une maladie , c'est une maladie</commentaire>
            <commentaire>Je suis d'accord aussi, il faut changer de modèle de beauté et les rendre
                moins contraignant. Mais pour autant, il ne faut pas encourager l’obésité (morbide,
                sur certaine de ces photos) qui est, rappelons-le, dangereuse pour la santé, y
                compris la santé mentale.</commentaire>
            <commentaire>Sarah Barrau J'vais en rajouté aussi, comme j'ai été modèle. N'oubliez pas
                les garçons que les photos sont retouchées dans les pubs et tout. Après certaines
                peuvent être en surpoid lié à des problèmes de santé. Et surtout tous les goûts sont
                dans la nature! Après on pourrait faire pareil avec les mecs. on peut devenir aussi
                con con en disant que le mec idéal n'existe pas qu'est-ce que vous attendez pour
                répondre à nos standards?! Il faut de tout pour faire un monde. Mais il n'y a pas
                encore de moule qui existe pour qu'on soit tous pareil. Chacun a sa manière de
                penser et il n'y a que les cons qui ne changent pas à ce qu'on dit!</commentaire>
            <commentaire>D'accord avec vous Maxime Puebla, mais encore une fois, vous ne parlez que
                d'obésité ... et pas de maigreur morbide ... l'anorexie est une maladie très grave,
                qui se fait de plus en plus fréquente elle aussi ! Savez-vous qu'une personne qui se
                fait vomir à répétition, en plus de finir par avoir de graves problèmes de santé
                physique, comme la stérilité ou l'ostéoporose ... peut à tout moment faire un arrêt
                cardiaque ... pourquoi est-ce que ça n'a pas l'air de poser autant le problème que
                le taux de cholestérol des grosses ? Et je mets au féminin, car bien sûr le problème
                des hommes obèses intéresse beaucoup moins la population ! ...</commentaire>
            <commentaire>Là je ne peux être que d'accord ! L'anorexie est une maladie qui a un
                impact au moins aussi dangereux que l'obésité et qui en plus est plébiscitée dans
                tout nos <anglicisme pos="nom" cc="6" sc="2">médias</anglicisme>! Les femmes au
                naturel, Oui ! Les un peu rondes, les un peu plus maigres, OUI ! Mais les extrêmes,
                ça non.</commentaire>
            <commentaire>très élégant.... bravo.</commentaire>
            <commentaire>Cé presque drôle Tu compare la grosseur des "bites" avec le surplus de
                poids ? Faudrait que tu compares ca avec la grosseurs des seins. Pour les hommes ils
                expose des gars avec des corps musclés alors je ne voie pas la différence entre vous
                et nous coté <anglicisme pos="nom" cc="8" sc="3"
                >magasine</anglicisme>.</commentaire>
            <commentaire>La santé mentale COMPTE. Le bonheur passe bien avant la mesquinerie des
                autres... et ça devrait TOUJOURS être comme ça! Le fait d'être heureuse a un impact
                sur la santé! D'ailleurs, je n'ai AUCUN PROBLÈME de cholestérol, diabète etc. Le
                    <anglicisme pos="nom" cc="6" sc="1">stress</anglicisme> et être malheureux, ce
                n'est pas bon pour la santé: ça rend malade... Donc, qu'on soit squelettique,
                moyenne ou grosse, on a TOUS droit au bonheur et si on est heureux, les effets ne
                sont PAS négligable sur la santé. Ne sous-estimez pas l'effet du bonheur sur la
                santé.</commentaire>
            <commentaire>Cé presque drôle Tu m'as tellement vendu du rêve !!!!!! J'adore
                !!!</commentaire>
            <commentaire>je fais de la bd si tu veux venir voir !</commentaire>
            <commentaire>Passer un message comme quoi les femmes devraient arrêter de complexer sur
                leurs poids ok, mais franchement des fois c'est carrément de l'hypocrise sur
                certaines photos...</commentaire>
            <commentaire>Quelle hypocrisie ?</commentaire>
            <commentaire>a plus part sont malade :(</commentaire>
            <commentaire>Ce serait pas toi la malade.....</commentaire>
            <commentaire><anglicisme pos="excl" cc="3" sc="1">wow</anglicisme> les gars le message
                c,est justement de ne PAS focusser sur son poids ! et que peu importe a quoi tu
                ressemble tu as le droit de te trouver belle et de porter un bikini sans te
                culpabiliser parce que des con vont penser que tu as un surplus de poids, ou des
                petits seins, ou tout autre 'défaut' physique. jai regarder les photos en me disant
                ok c'est encourageant, et jai lu les commentaire en me disant que si tu n as pas le
                corps parfait dans lfond, reste cacher. !</commentaire>
            <commentaire>L'obésité n'est pas une maladie. C'est un INDICATEUR de santé. Et des
                INDICATEURS, il y en a plusieurs autres... d'égale importance. <anglicisme pos="nom"
                    cc="6" sc="1">Stress</anglicisme> (cortisol), Tension artérielle, Fertilité,
                Exercice physique, Absence de tabagisme, consommation responsable de caféine et
                stimulants, d'alcool, transit intestinal normal, etc. On ne peut dire que quelqu'un
                est malade que si elle a plusieurs INDICATEURS à la dérive. Ce n'est pas parce qu'on
                est en haut de la courbe de poids qu'il y a nécessairement un problème si plusieurs
                autres aspects vont bien. Autrement dit, celui qui s'entraine compulsivement à tous
                les jours, a le poids parfait selon sa courbe, mais prends 5 redbull par jour, n'est
                pas plus en santé que la dame obèse qui prend des marches à tous les jours et qui
                mange plus que la moyenne en quantité certes, mais fait tout de même attention à
                choisir des aliments à densité nutritionnelle élevée.</commentaire>
            <commentaire>Ha oui, et j'oubliais, cultiver une image positive de son corps est aussi
                un indicateur important! ;) </commentaire>
            <commentaire>Tu racontes n'importe quoi. Le surpoids n'est pas un grand problème en soi,
                même s'il révèle UNE MAUVAISE HYGIENE de vie. Mais l'obésité (morbide, sur plusieurs
                des photos) est une MALADIE. Qui, en Amérique, par exemple, est vouée a devenir la
                1e cause de mortalité.</commentaire>
            <commentaire>En effet, mais dans ces cas, le surpoids est associé à d'autres
                indicateurs. Mauvaises endurance physique, hypertension, glycémie élevée, etc. Et
                une chose est certaine. Pour entreprendre des changements d'hygiène de vie durables
                (qui vont durer plus que 2 semaines), il faut s'aimer. Et se cacher, par exemple, ne
                pas aller à la plage parce que notre corps nous fait honte, c'est le début de la
                fin. Pas de changements durables sans estime! Et en plus qui nous dit que la fille
                qui pèse 300 livres sur ces photos n'en pesait pas 400 l'an dernier? On ne connait
                pas l'histoire des gens.</commentaire>
            <commentaire>Savais-tu que plusieurs personnes en embompoint ou obèses qui commencent à
                faire de la course ou de la marche rapide en public arrêtent parce qu'il se font
                lancer des commentaires comme : Envoye la grosse! Fais les fondre tes gros
                jambons!</commentaire>
            <commentaire>Franchement les gars vous me faites pitié de la manière que vous pensez
                !!!! La perfection n'existe pas , même pas sur vous . Messieurs vous avez l'air à
                avoir de la difficulté avec certains aspect du corps de la femme, pourvu qu'elle
                soit parfaite !!! là ca va , sinon ca vous fait grincer des dents !</commentaire>
            <commentaire>Fais du bien de voir des images qu'on a pas l'habitude de voir dans les
                pubs!!! Vive les femmes sous touts nos formes</commentaire>
            <commentaire>Jolie post .. Des femmes en tout genre et pas que des mannequins squelettes
                ! Vraiment bien ^^</commentaire>
            <commentaire>13 et 14 sont maigres, limite anorexique.</commentaire>
            <commentaire>oui et elles sont faites comme ça</commentaire>
            <commentaire>n'a rien à voir avec un type de corps. Merci de votre attention, bonne
                soirée.</commentaire>
            <commentaire>C'est vrai plutôt fine la 13 et 14 mais certaine le sont naturel se qui est
                bien aussi.. après les gout et les couleurs ça se discute pas ! ^^. se que je n'aime
                pas c'est le critère de beauté de la société toute maigre pour les femmes et les
                hommes tous musclé et <anglicisme pos="verbe" cc="6" sc="3">tatoué</anglicisme> !
                :/</commentaire>
            <commentaire>PS Aptéro Do Brasil, vous savez, les rondeurs aussi peuvent être
                "naturelles" ... en fait, certaines femmes rondes ... ce qui est mon cas, mangent
                sainement, font attention sans faire pour autant de régime particulier et font du
                sport depuis toujours ... pourtant les rondeurs sont là !!! Alors oui, ce que j'ai
                remarqué ... je me connais bien, c'est que pour moi, même la prise de petites doses
                de féculents fait grossir, je suis comme ça, c'est naturel ... alors j'ai 2 choix;
                ou bien je supprime complètement la dose raisonnable de féculents que je prends dans
                une journée (1 toast le matin et une dose le midi) ce qui a long terme, quand on
                aime son pain bio, est difficile à tenir, ou bien on accepte ses rondeurs ... moi
                j'ai choisi d'assumer mes rondeurs, mais , c'est vrai, je suis en bonne santé et en
                général j'aime plus les choses rondes que les angles obtus ... ;) Il faut cesser de
                croire (je ne parle pas de vous, mais de l'idée de société) que les femmes rondes
                sont des femmes qui se gavent et qui ne s'entretiennent pas ! C'est un cliché
                mensonger. De plus, il est maintenant prouvé que les rondes qui font du <anglicisme
                    pos="nom" cc="5" sc="1">sport</anglicisme>, sont en meilleure santé que les
                autres et que celles qui cherchent à contrôler sans cesse leur poids, on plus de
                problèmes psy que celles qui acceptent leurs formes ... Logique ! l'obsession de
                l'image est terrible et montre un vrai malaise et de plus elle est anxiogène. J'ai
                vu votre premier commentaire, donc je sais que vous semblez aimer la diversité, mais
                j'ai réagi au fait que vous avez écrit que les femmes qui étaient maigres sur les
                photos l'étaient naturellement ... les rondeurs aussi sont naturelles ... sûrement
                plus même ! Maintenant, pour ceux qui ont parlé d'une certaine promotion de
                l'obésité, je voulais dire qu'ils se trompent, car personne n'en a fait la promotion
                ici ... par contre, il est primordial et urgent d'avoir un regard humain et plus
                indulgent sur les différentes formes des corps de femmes ... et d'hommes bien sûr,
                mais on peut dire que les rondeurs des hommes génèrent toujours beaucoup moins de
                méchanceté et d'intérêt !</commentaire>
            <commentaire>je suis d'accord que la forme de notre corps vient un peu de la génétique,
                mais c'est toujours possible de sculpter sans être <anglicisme pos="nom" cc="5"
                    sc="1">freak</anglicisme> non plus. Par exemple moi en ce moment, je sais que je
                suis trop mince par rapport à mon poids santé, je ne mange pas assez et etc... Je
                crois pas être une victime de la mode ou obsédé par le fait de plaire aux autres, je
                sais que je pourrais avoir plus de poids et de masse musculaire et c'est tout.
                Maintenant, si des gens ont des problèmes de santé qui les empêche de grossir ou de
                maigrir, il faut respecter ça, mais de dire que systématiquement tous les gens sur
                ces photos ne peuvent rien changer parce qu'ils sont nés avec le corps qu'ils ont,
                je suis un peu sceptique.</commentaire>
            <commentaire>Je ne sais pas si ce message concerne le-mien, mais en tous cas, je n'ai
                pas dit qu'il ne fallait systématiquement rien changer ... mais simplement qu'il
                fallait voir les rondeurs autrement. Pourquoi les femmes rondes se sentent parfois
                honteuses d'être rondes ? ... à cause de la culpabilité que la société met sur ces
                rondeurs ... or si vous élevez 2 enfants de la même façon ... il se peut fortement
                qu'à l'âge adulte, ils n'aient pas la même morphologie et il se peut aussi qu'il y
                ait des différences énormes ... Encore une fois, il faut différencier, rondeur et
                obésité et il est souhaitable que les personnes obèses prennent en compte leur santé
                et agissent en conséquence ... mais ce sont elles qui doivent décider et non pas
                subir le jugement réprobateur de ceux qui n'ont pas de surpoids et qui manifestement
                pensent que c'est très facile à gérer. La forme du corps vient énormément de la
                génétique et il faut aussi savoir que les hommes sont physiologiquement conçus pour
                faire du muscle ... ce qui n'est absolument pas le cas pour les femmes, qui elles
                sont conçues pour faire de la graisse et ce, pour mener à bien les différents
                grossesses qu'elles sont sensées mener dans leur vie ... dans la nature, la
                contraception n'existe pas ! ;) Concernant ce que vous dévoilez sur vous Guillaume,
                vous dites que vous devriez manger plus ... si vous êtes trop mince, parce que vous
                mangez très peu, ce n'est pas tout à fait la même chose que si c'est parce que c'est
                votre nature ... L'appétit est aussi lié à la psychologie ... par exemple un bébé
                abandonné ou qui subit un <anglicisme pos="nom" cc="6" sc="1">stress</anglicisme>
                quelconque peut perdre l'appétit ... il est très rare que ce soit l'inverse (je ne
                parle que des bébés) ... On peut tous agir sur soi ... mais notre image naturelle
                est liée à notre âme, notre coeur ... il ne faut pas vouloir ressembler absolument à
                une image créée de toute pièce par du <anglicisme pos="nom" cc="9" sc="3"
                    >marketing</anglicisme> assujetti à une mode sans émotion et sans relief.
                L'harmonie intérieure amène à la plus belle image de soi possible ... mais tout ceci
                reste subjectif. Le grand drame est que nos cerveaux ne fonctionnent plus librement,
                ils sont endoctrinés ... comment la société peut-elle avoir un jugement cohérent
                après tant de manipulations ?</commentaire>
            <commentaire>je m'excuse, mais sans avoir une maladie ton métaboliste peut juste être
                plus rapide ce qui fait que même si tu mange comme une cochonne tu vas rester
                mince... j'en connais plein comme ça dont moi et je suis loin d'être anorexique même
                si ça peut paraître ;) je trouve ça vraiment insultant ce que tu
                dis...</commentaire>
            <commentaire>Au faite j'ai oublié de dire que moi je les trouvent toute sublime
                !!!</commentaire>
            <commentaire>♥</commentaire>
            <commentaire>la beauté est a l'intérieur de toute façons !</commentaire>
            <commentaire>Vu le nom c'est clair que la beauté est a l’intérieur Underboobs
                ^^</commentaire>
            <commentaire>elle est très bonne! 100 % d'accord:))</commentaire>
            <commentaire>Ca me désole de voir un bel article qui nous encourage à nous aimer et
                accepter notre corp et que par la suite, en regardant les commentaires, voir du
                monde parler seulement de l'obésiter, le poid "santé"... Hè bien. C'est là qu'on
                rencontre les Pro <anglicisme pos="adj" cc="6" sc="2">Skinny</anglicisme> et les
                superficiel. Pour vous informer, peut-être que dans votre vie vous avez toujours été
                heureux et que vous vous laissez charmer par les stéréotype sur le corp féminin
                mais, de mon coté, et celui de plusieurs autre femmes, la confiance, c'est un
                travail d'une vie entière. La confiance, n'est pas qu'un simple mot, mais plutot la
                définition du bonheur. Sans elle, nous ne sommes pas heureux: Ont se cache,
                questionne, doute...et ont s'accroche comme on peut. Bref! au lieu de continuer un
                roman, je tiens simplement dire au gens de réfléchir avant de dire des méchanceté ou
                quoi que ce soit de péjoratif car un simple mot peut nous faire rechuter. MERCI à
                ceux et celles qui comprennent le message. Tout les gout sont dans la nature et il
                faut l'accepter. Cette année ont ce met en Bikini et on affronte notre raison
                irrationnel! <anglicisme pos="excl" cc="5" sc="1">Peace</anglicisme></commentaire>
            <commentaire>Faut-il être mince pour rester en bonne santé ? Etre gros est-il synonyme
                de maladie ? Ou bien s’agit-il seulement d’une obsession de la minceur mal comprise
                ? Le diabète et les maladies cardio-vasculaires sont surtout associés à l’obésité.
                Pourtant, même les personnes minces en souffrent. Et des études récentes montrent
                qu’on peut être en surpoids et en bonne santé. Santé et poids sont-ils liés ?
                L’institut allemand de recherche nutritionnelle de Potsdam s’est penché sur la
                question et a décidé de mener une étude à grande échelle sur le long terme. Près de
                30 000 hommes et femmes sont suivis sur 20 ans. L’objectif : analyser la relation
                entre alimentation et maladies. X:enius veut tout savoir et demande à une femme qui
                se trouve grosse de participer à l’étude. Elle est professeure de <anglicisme
                    pos="adj" cc="7" sc="2">fitness</anglicisme>, mais est-elle aussi en bonne santé
                pour autant ? http://www.arte.tv/guide/fr/051090-029/x-enius</commentaire>
            <commentaire>pourquoi le choix des photos a été fais judicieusement si on sais essai de
                transmettre un message sur la beauté. Le but du message est bon mais il est aussi
                hypocrite!</commentaire>
            <commentaire>ya des filles bien normales sur ces photos la jtrouve pas ca hypocrite du
                tout.</commentaire>
            <commentaire>Elles sont normales oui mais elles ont quelque chose en
                commun.</commentaire>
            <commentaire>Elles ont plusieurs choses en commun : ce sont toutes des femmes, elles
                sont toutes en bikini et elles se montrent telles qu'elles sont, c'est-à-dire
                "normales" (Être mannequin, ce n'est pas la norme, c'est un très petit pourcentage
                de la population)</commentaire>
            <commentaire>Le but, c'est pas de ''favoriser'' ou ''encourager'' le surplus de poids.
                Mais de toute façon, même si elles voulaient perdre ce surplus, ça fond pas du jour
                au lendemain. Alors tu fais quoi pendant ce temps là, tu te caches en ayant honte de
                toi-même ? La beauté est pas seulement extérieure et une femme qui a confiance en
                elle le dégage. Son estime positive d'elle-même la rend plus belle. L'article veut
                pas faire passer le message qu'être en surpoids c'est ''bien'', il veut passer le
                message que l'important c'est de s'aimer sois-même et d'avoir le corps qui nous
                convient à nous et pas aux autres. L'important, c'est de se plaire à sois-même, pas
                d'essayer d'entrer dans les standards de monsieur et madame tout le
                monde.</commentaire>
            <commentaire>Bravo ! :)</commentaire>
            <commentaire>cellulite <anglicisme pos="nom" cc="5" sc="2">power</anglicisme>
                !!!</commentaire>
            <commentaire>De l'ignorance sur la nutrition et/ou de la paresse physique et
                intellectuelle,... vient une prise de poids,.. qui mène à un choix entre le déni et
                l'activité physique et intellectuelle... Quand le déni et la paresse gagnent encore
                (étonnement!)... ensuite on voit ça. Une médiocre et pathétique tentative de
                gymnastique intellectuelle pour contourner le problème au lieu de le regler en
                disant aux hommes (une fois de plus, parce que ouais, les <anglicisme pos="nom"
                    cc="6" sc="2">médias</anglicisme> féminisés sont prêts à aller jusque là,
                répéter sans cesse comme si ça allait rendre la chose plus vraie, déresponsabilisant
                du coup les gens de leur propre problèmes de poids) que le surplus de poids est tout
                d'un coup <anglicisme pos="adj" cc="4" sc="2">sexy</anglicisme>, et que les hommes
                sont superficiels et devraient se sentir coupables d'avoir des préférences... quelle
                immaturité! N'importe qui avec deux neurones fonctionnelles peut voir tout à travers
                tout cette merde et voir la réalité comme elle est; protéger la petite sensibilité
                et l'ego des gens paresseux (dans ce cas-ci des femmes) en leur racontant des
                conneries abyssales fait toujours plus souffrir à long terme (parce que le problème
                et ses inconforts physiques et émotionels durent toujours) que la prise en charge de
                façon rationelle et active du problème qui disparaît ensuite... à vie!</commentaire>
            <commentaire>Il ne faut pas tout mélanger ... et vous mélangez beaucoup de choses, mais
                vue le certitude qui vous habite, je ne chercherai même pas à discuter ... je vous
                dirai juste que vous devriez mieux vous renseigner, au lieu de croire que vous savez
                tout sur tout et que tous les métabolismes fonctionnent de la même façon !!! Quant à
                votre passage sur le fait que ce n'est pas <anglicisme pos="adj" cc="4" sc="2"
                    >sexy</anglicisme> d'avoir des rondeurs ... dites-vous que cet avis est
                personnel, car beaucoup d'hommes aiment réellement ça ... de plus vous semblez aussi
                ignorer, mais je n'en suis pas surprise, qu'il fût un temps où avoir des bourrelets
                était le <anglicisme pos="nom" cc="4" sc="1">must</anglicisme> de la beauté féminine
                ... donc, à ce moment, c'était ce qu'il y avait de plus <anglicisme pos="adj" cc="4"
                    sc="2">sexy</anglicisme> ! Votre avis est fondé sur une infime partie du
                problème, sur votre avis et vos goûts et avec très peu de connaissances concrètes !
                Malheureusement, il y a beaucoup de gens comme vous, ignorants, intolérants et
                étroits ... mais qui ont des avis dont ils sont bêtement fiers ! bref, de petits
                personnages !</commentaire>
            <commentaire><anglicisme pos="abbr" cc="3" sc="3">lol</anglicisme>, mon imc est
                supérieur à ce qu'il devrait être. Et pourtant je fais du <anglicisme pos="nom"
                    cc="5" sc="1">sport</anglicisme> en compétition et mes muscles font de l'ombre (
                et même peur) à mon cher compagnon). Comme dans tout, c'est question d'équilibre.
                Alors gens paresseux, non monsieur, venez donc courir plusieurs kilomètre avec une
                fille ronde !</commentaire>
            <commentaire>un peu la machine humaine, vous découvrirez que dans toutes les formules
                pour calculer les besoins en énergie il faut tenir compte du métabolisme et du
                niveau d'activité, il y a pas de cachette ici, c'est bêtement l'énergie dépensée vs
                l'énergie consommée. Ouvrez un <anglicisme pos="nom" cc="8" sc="3"
                    >magazine</anglicisme> pour hommes pour y voir ce qui est 'généralement''
                désirable pour les hommes... on ne fait pas de règles à partir d'exceptions ou de
                minorités désolé la réalité ne fonctionne pas comme ça. La plupart des hommes ne
                disent rien parce que les femmes piquent des crises au lieu de regarder la réalité
                en face, pour ensuite se faire dire que les hommes communiquent pas assez... *rires* </commentaire>
            <commentaire>encore une fois, vous vous gargarisez avec vos propres connaissances, lues
                dans des bouquins qui donnent des solutions qui marchent pour certains ... mais pas
                pour tout le monde ! Je l'ai vécu et quand je vous dis que votre histoire d'énergie
                dépensée contre énergie consommée n'est pas aussi simple qu'elle paraît ... j'en
                suis la preuve vivante ! Maman de 4 enfants, sans femme de ménage et tenant à
                s'entretenir physiquement ... et mentalement ... je ne vais pas vous faire un
                dessin, mais je peux vous dire que je ne chôme pas ! Ma vie est active et j'y ajoute
                donc du <anglicisme pos="nom" cc="5" sc="1">sport</anglicisme> depuis toujours ...
                je n'aurai pas la prétention de dire qu'au niveau alimentation, je ne fais aucune
                erreur, mais si l'on considère qu'il faut manger raisonnablement de tout ... c'est
                ce que j'ai toujours fait, sauf en occasion exceptionnelle ou je m'accorde des
                écarts ... bref, je précise que longtemps j'ai fait jusqu'à 2 heures de sport 4 fois
                par semaine ... l'énergie dépensée dans mon cas a toujours été sur le papier,
                supérieure à l'énergie consommée ... et tous ceux de mon entourage vous le diront
                ... tout comme les <anglicisme pos="nom" cc="7" sc="1">coaches</anglicisme>
                <anglicisme pos="adj" cc="8" sc="2">sportifs</anglicisme> qui m'ont suivie ... mais
                puisque vous savez tout, vous devez penser que ce que je dis est faux ... pas grave
                ! Mais au moins, prenez la peine d'écouter les médecins qui expliquent que des
                mutations génétiques ont fait que certains gènes se sont transformés pour lutter
                contre les famines et que les personnes ayant hérité de ce gène sont ceux grâce
                auxquelles l'humanité existe encore, mais que ces personnes vont <anglicisme
                    pos="verbe" cc="7" sc="2">stocker</anglicisme> presque tout ce qu'elles avalent
                ... bon enfin, je n'ai pas tellement envie de faire un cours à une personne qui
                semble aussi peu ouverte, alors je m'arrête là pour ce qui est de la génétique.
                Quant à ce que vous pensez des rondeurs que tous les hommes n'aimeraient pas, selon
                vous ... et qu'ils n'oseraient le dire ... encore une fois, je vous parle de ce que
                j'ai vécu ... et je peux vous assurer que nombreux sont ceux qui sont très
                naturellement attirés par les femmes rondes ... sans que celles-ci aient à faire le
                moindre effort ... alors votre histoire de pauvres petits qui n'osent pas dire aux
                rondes qu'elles devraient maigrir est ridicule ! Ils n'aiment pas les rondeurs, ...
                mais ils draguent des femmes rondes quand même ... vous pensez bien que cette
                théorie d'hommes timorés, me fait bien rire !!! Par contre ce qui fait moins rire,
                c'est qu'il y ait des gens aussi étroits d'esprit que vous, incapables de se mettre
                dans la tête que tous les hommes n'ont pas les mêmes goûts !!! ... je pense que vous
                avez un réel problème !</commentaire>
            <commentaire>il ne faut pas confondre ouverture d'esprit et naiveté... jamais je n'ai
                dit tous les hommes, mais les hommes en général, apprenez à lire. Votre déni est
                très éclatant et je vous souhaite une belle vie la tête dans le sable, moi je
                m'arrête ici... j'ai suffisamment perdu mon temps.</commentaire>
            <commentaire>Je vous renvoie le compliment ... sinon, c'est sûr, ne perdez pas votre
                temps avec moi ... je suis certaine qu'il y en a assez pour écouter vos chiffres et
                vos théories mathématiques ... et baver d'admiration ... pensant que vous ... vous
                avez tout compris sur les femmes ...</commentaire>
            <commentaire>Avant j'étais obèse et bien dans mes <anglicisme pos="nom" cc="7" sc="2"
                    >baskets</anglicisme>, aujourd'hui je suis anorexique et très moche sans forme
                alors les filles les rondeurs sont en votre faveur :)</commentaire>
            <commentaire>Sic transit gloria mundi ... simply disgusting</commentaire>
            <commentaire>haha moi je suis bien daccord du fait que sa nous remonte les morale et que
                si les pénis de vous messieurs serait autant exposé que nos défault jpeux vous
                garantir que beaucoup serait en peine comme certaines d'entre nous ;) merci pour la
                pub sa fait du bien !!! c'est pas parce que nous sommes dodu que nous sommes laide
                et pas séduisante apres mon troisieme enfants je sais ce dont je parle</commentaire>
            <commentaire>Maintenant il ne reste plus qu'a mettre des photos semblables dans des
                revues, au lieu de mettre des mannequins anorexiques. Là on aura fait un grand
                pas.</commentaire>
            <commentaire>Je vous le donne en mille ... C'est la fille dite Obèse qui est en bonne
                santé</commentaire>
        </conversation>
    </corps>
</article>
