<?xml version="1.0" encoding="UTF-8"?>
<?xml-model href="BuzzFeed_schema.rnc" type="application/relax-ng-compact-syntax"?>
<article>
    <!-- unedited URL for getting comments:http://www.buzzfeed.com/laraparker/les-acteurs-de-friday-night-lights-aujourdhui-->
    <header>
        <titre>Voici à quoi ressemblent les acteurs de «Friday Night Lights» aujourd’hui </titre>
        <st> Texas forever. </st>
    </header>
    <auteur>
        <nom>Lara Parker </nom>
        <association>BuzzFeed Staff </association>
    </auteur>
    <corps>
        <ol>
            <li>
                <titre>1. Connie Britton dans le rôle de Tami Taylor </titre>
            </li>
            <li>
                <titre>2. Kyle Chandler dans le rôle de Eric Taylor </titre>
            </li>
            <li>
                <titre>3. Minka Kelly dans le rôle de Lyla Garrity </titre>
            </li>
            <li>
                <titre>4. Taylor Kitsch dans le rôle de Tim Riggins </titre>
            </li>
            <li>
                <titre>5. Adrianne Palicki dans le rôle de Tyra Collette </titre>
            </li>
            <li>
                <titre>6. Zach Gilford dans le rôle de Matt Saracen </titre>
            </li>
            <li>
                <titre>7. Aimee Teegarden dans le rôle de Julie Taylor </titre>
            </li>
            <li>
                <titre>8. Scott Porter dans le rôle de Jason Street </titre>
            </li>
            <li>
                <titre>9. Gaius Charles dans le rôle de Brian « Smash » Williams </titre>
            </li>
            <li>
                <titre>10. Jesse Plemons dans le rôle de Landry Clarke </titre>
            </li>
            <li>
                <titre>11. Michael B. Jordan dans le rôle de Vince Howard </titre>
            </li>
            <li>
                <titre>12. Matt Lauria dans le rôle de Luke Cafferty </titre>
            </li>
            <li>
                <titre>13. Jurnee Smollett-Bell dans le rôle de Jess Merriweather </titre>
            </li>
            <li>
                <titre>14. Brad Leland dans le rôle de Buddy Garrity </titre>
            </li>
            <li>
                <titre>15. Madison Burge dans le rôle de Becky Sproles </titre>
            </li>
            <li>
                <titre>16. Derek Phillips dans le rôle de Billy Riggins </titre>
            </li>
            <li>
                <titre>17. Stacey Oristano dans le rôle de Mindy Collette/Riggins </titre>
            </li>
        </ol>
    </corps>

</article>
