<?xml version="1.0" encoding="UTF-8"?>
<?xml-model href="BuzzFeed_schema.rnc" type="application/relax-ng-compact-syntax"?>
<article>
    <!-- unedited URL for getting comments:http://www.buzzfeed.com/stephaniemcneal/ce-mec-sest-scotche-des-mentos-sur-le-corps-et-a-plonge-dans-->
    <header>
        <titre>Ce mec s’est scotché des <anglicisme pos="nom" cc="6" sc="2">Mentos</anglicisme> sur
            le corps et a plongé dans une baignoire pleine de <anglicisme pos="nom" cc="4" sc="2"
                >Coca</anglicisme>
        </titre>
        <st> Pourquoi ?! </st>
    </header>
    <auteur>
        <nom>Stephanie McNeal </nom>
        <association>BuzzFeed News Reporter </association>
    </auteur>
    <corps>
        <ul>
            <li>
                <titre>1. Un Japonais a <anglicisme pos="verbe" cc="5" sc="2">posté</anglicisme> une
                        <anglicisme pos="nom" cc="5" sc="3">vidéo</anglicisme> où on le voit plonger
                    dans une baignoire remplie de <anglicisme pos="nom" cc="4" sc="2"
                        >soda</anglicisme>, après s’être couvert le corps de <anglicisme pos="nom"
                        cc="6" sc="2">Mentos</anglicisme>. </titre>
                <commentaire>Cet homme, qui répond au nom de Hajime, a posté cette <anglicisme
                        pos="nom" cc="5" sc="3">vidéo</anglicisme> sur <anglicisme pos="nom" cc="7"
                        sc="2">YouTube</anglicisme> en juillet dernier, mais elle est récemment
                    devenue virale et compte aujourd’hui plus de six millions de vues.
                </commentaire>
            </li>
            <li>
                <titre>2. Hajime a mené son expérience en scotchant des <anglicisme pos="nom" cc="6"
                        sc="2">Mentos</anglicisme> sur son corps, avant de plonger dans la
                    baignoire. </titre>
            </li>
            <li>
                <titre>3. Ceux qui espéraient une explosion ont dû être déçus : pas d’explosion,
                    juste quelques bulles. </titre>
            </li>
            <li>
                <titre>4. Les gens sont fous. Visionnez la <anglicisme pos="nom" cc="5" sc="3"
                        >vidéo</anglicisme> complète ci-dessous. </titre>
            </li>
        </ul>
    </corps>
</article>
