<?xml version="1.0" encoding="UTF-8"?>
<?xml-model href="BuzzFeed_schema.rnc" type="application/relax-ng-compact-syntax"?>
<article>
    <!-- unedited URL for getting comments:http://www.buzzfeed.com/tomschembri/ou-est-clement-le-no-life?responses=-->
    <header>
        <titre>16 personnes que vous aviez peut-être oubliées </titre>
        <st> Clément le «<anglicisme pos="nom" cc="6" sc="2">no life</anglicisme>», que fais tu
            aujourd’hui? Mystère. </st>
    </header>
    <auteur>
        <nom>Tom Benjamin </nom>
        <association>BuzzFeed Contributor </association>
    </auteur>
    <corps>
        <ol>
            <li>
                <titre>1. Bill Kaulitz, le chanteur de Tokyo Hotel, et sa coupe de porc-épic.
                </titre>
            </li>
            <li>
                <titre>2. Et son frère de coiffure, le chanteur du groupe danois The Rasmus. </titre>
                <commentaire>Ça a failli marcher pour eux. Comme ils étaient #dark, leur chanson
                    s’appelait «dans les ténèbres» et ils se transformaient en corbeau dedans.
                </commentaire>
            </li>
            <li>
                <titre>3. Clément le «<anglicisme pos="nom" cc="6" sc="2">no life</anglicisme>» et
                    son lancer de sac que le monde lui enviait. </titre>
            </li>
            <li>
                <titre>4. Monsieur «LEAVE BRITNEY ALONE!!!», Chris Crocker. </titre>
            </li>
            <li>
                <titre>5. Billy, le présentateur de l’émission «Iapiap» sur Canal J. </titre>
            </li>
            <li>
                <titre>6. Serge, le mystérieux actionnateur du magnéto de l’émission «Tout le monde
                    en parle» de Thierry Ardisson. </titre>
            </li>
            <li>
                <titre>7. Pepita, l’assistante de Marie-Ange Nardi dans l’émision «Qui est qui?». </titre>
                <commentaire>Toujours prête pour un défi absurde et une tenue so 90s. </commentaire>
            </li>
            <li>
                <titre>8. Roger, le copain relou de Tia et Tamera dans «Sister Sister», à qui elles
                    demandaient toujours de rentrer chez lui. </titre>
                <commentaire>«RENTRE CHEZ TOI ROGER!». Le pauvre. Et puis, Roger, c’est pas un nom
                    pour un ado ça. Même dans les années 1990. </commentaire>
            </li>
            <li>
                <titre>9. Salem, le chat parlant de Sabrina, dans «Sabrina, l’apprentie sorcière».
                </titre>
            </li>
            <li>
                <titre>10. Jessyca, la candidate super distinguée de l’émission de télé-realité «Les
                    colocataires» sur M6. </titre>
                <commentaire>Pire émission de télé-réalité, après «Nice People» peut-être.
                </commentaire>
            </li>
            <li>
                <titre>11. Prosper, le candidat français de l’émission de télé-réalité «Nice People»
                    sur TF1. </titre>
                <commentaire>À l’époque où les chaînes de télévisions pensaient que n’importe quelle
                    émission sur une bande de boulets enfermés dans une maison allait marcher.
                </commentaire>
            </li>
            <li>
                <titre>12. Les Naast, le pire groupe de bébé <anglicisme pos="nom" cc="8" sc="2"
                        >rockeurs</anglicisme> de tous les temps. </titre>
                <commentaire>Qui ont, rappelons le, définitivement disparu quand Gustave, le
                    chanteur, a planté une fourchette dans l’oeil d’un fan. </commentaire>
            </li>
            <li>
                <titre>13. John Dodelande, le jeune entrepreneur tête à claque inventeur du
                    «doodisme». </titre>
                <commentaire>Souvenez-vous, son concept le plus révolutionnaire était une marque de
                    vêtements où les garçons porteraient du rose et les filles du bleu. Incroyable,
                    quel visionnaire. </commentaire>
            </li>
            <li>
                <titre>14. Amandine, la rappeuse du 38. </titre>
                <commentaire>330.000 francs CFAaaAAAaaaaa. </commentaire>
            </li>
            <li>
                <titre>15. Chico, le brésilien des pubs Universal Mobile. </titre>
                <commentaire>Va chercher bonheur. </commentaire>
            </li>
            <li>
                <titre>16. Et Cindy Sander, la meilleure candidate de l’histoire de «Nouvelle Star».
                </titre>
            </li>
        </ol>

        <conversation>
            <commentaire>Chris Crocker est acteur porno. Il n'est pas totalement
                oublié.</commentaire>
            <commentaire>j'attends toujours le retour de Pépita dans Pyramide !!!! (pcq oui avant
                Qui est qui, elle était dans Pyramide)</commentaire>
            <commentaire>Euuh rien que dans l'année écoulée, il y a eu un article sur Amandine du 38
                (Chez Slate non?), j'ai déjà vu des retours sur Clément le <anglicisme pos="nom"
                    cc="6" sc="2">No Life</anglicisme> également. Cindy Sander a également eu un
                papier sur son accession au "succès" dans une comédie musicale, ou à l'étranger, ou
                je ne sais plus. Prosper Masquellier-Partouche bosse avec Bernard Tapie dans le
                    <anglicisme pos="nom" cc="5" sc="2">poker</anglicisme>. Idem, papier dans le
                Point ya peu. /grunchyoff.</commentaire>
            <commentaire>merci pour ces informations. On vous rappellera.</commentaire>
            <commentaire>Tom Schembri Pas de quoi... Faire un <anglicisme pos="nom" cc="3" sc="1"
                    >top</anglicisme> du style "que sont-ils devenus" sans se payer le luxe d'une
                recherche <anglicisme pos="adj" cc="6" sc="2">Google</anglicisme>, ça me met en
                rogne. Après je veux bien qu'on créé du contenu vite fait bien fait, mais faut au
                moins avoir un chapeau qui correspond. Je commente un article, fair enough. Tu viens
                jouer les CM taquins, <anglicisme pos="abbr" cc="4" sc="4"
                >BYOB</anglicisme>.</commentaire>
            <commentaire>Joris Manuel DM il ne faut pas se mettre en colère comme ça. C'est des
                mauvais sentiments tout ça, ça noircit le coeur pour rien.</commentaire>
            <commentaire>Tom Schembri T'as raison, je sais pas ce qui m'a pris de pas juste cliquer
                    <anglicisme pos="abbr" cc="3" sc="3">LOL</anglicisme>. Sûrement un désir inavoué
                de recevoir un commentaire condescendant 4 jours plus tard.</commentaire>
            <commentaire>#touché</commentaire>
            <commentaire>Tokio Hotel à pourtant sorti un nouvel album et deux tournée en 2015 (une en
                cours et la deuxième pour bientôt), je ne pense pas qu'il soit tant oublié que
                ça!</commentaire>
        </conversation>
    </corps>
</article>
