<?xml version="1.0" encoding="UTF-8"?>
<?xml-model href="BuzzFeed_schema.rnc" type="application/relax-ng-compact-syntax"?>
<article>
    <!-- unedited URL for getting comments:http://www.buzzfeed.com/rossalynwarren/ce-renard-se-prend-pour-un-chien?responses=-->
    <header>
        <titre>Ce renard recueilli quand il était bébé se prend aujourd’hui pour un chien </titre>
        <st> Todd est le renard le plus heureux du monde. </st>
    </header>
    <auteur>
        <nom>Rossalyn Warren </nom>
        <association>BuzzFeed News Reporter </association>
    </auteur>
    <corps>
        <ol>
            <li>
                <titre>1. Voici Todd le renard et Emma D’Sylva, sa maîtresse. </titre>
            </li>
            <li>
                <titre>2. Todd est un renard apprivoisé qui a été sauvé de la mort alors qu’il
                    n’avait que 4 mois. Il a depuis été élevé comme un animal domestique. </titre>
            </li>
            <li>
                <titre>3. Selon sa maîtresse, Todd se prend maintenant pour un chien. </titre>
            </li>
            <li>
                <titre>4. Le renard, aujourd’hui âgé de 11 mois, se laisse promener en laisse dans
                    le Staffordshire, comté d’Angleterre. </titre>
            </li>
            <li>
                <titre>5. Emma affirme que Todd remue même la queue au moment de ses repas. </titre>
            </li>
            <li>
                <titre>6. Il dort dans une niche installée dans le jardin et joue avec des jouets
                    pour chien. </titre>
            </li>
            <li>
                <titre>7. Todd passe aussi du temps avec ses autres amis chiens. </titre>
            </li>
            <li>
                <titre>8. CONTINUE DE VIVRE TON RÊVE DE CHIEN, TODD. </titre>
            </li>
        </ol>

        <conversation>
            <commentaire>Je suis étonné que les connards de la Société de Chasse du coin n'aient pas
                encore déposé un recours afin de pouvoir le descendre.</commentaire>
            <commentaire>Rox&amp;Rouky <anglicisme pos="adv" cc="7" sc="2">for real</anglicisme>
                ♥</commentaire>
            <commentaire>Un reportage tout en douceur avec de très belles photos! Je ne m'en
                lasserai jamais!</commentaire>
        </conversation>
    </corps>
</article>
