<?xml version="1.0" encoding="UTF-8"?>
<?xml-model href="BuzzFeed_schema.rnc" type="application/relax-ng-compact-syntax"?>
<article>
    <header>
        <titre>13 choses que tous les gens flippants aiment secrètement</titre>
        <st>Ça fait peur, mais c’est vrai.</st>
    </header>
    <auteur>
        <nom>Alex Alvarez</nom>
        <association>BuzzFeed Staff</association>
    </auteur>
    <corps>
        <ol>
            <li>
                <titre>1. Revenir sur vos photos <anglicisme pos="adj" cc="9" sc="3">Instagram</anglicisme> vieilles de soixante-sept semaines et ne
                    pas les <anglicisme pos="verbe" cc="5" sc="2">liker</anglicisme> accidentellement.</titre>
                <commentaire>Vos cheveux sont beaucoup mieux maintenant, d’ailleurs.</commentaire>
            </li>
            <li>
                <titre>2. Lire le livre ou l’<anglicisme pos="nom" cc="4" sc="2">iPad</anglicisme> de quelqu’un par-dessus son épaule sans qu’il s’en
                    rende compte.</titre>
                <commentaire>SUPER
                    histoire.</commentaire>
            </li>
            <li>
                <titre>3. Être capable de voir l’écran d’ordinateur de quelqu’un d’autre au bureau
                    sans qu’il s’en rende compte.</titre>
                <commentaire>Je vois qu’on a obtenu le même résultat à ce <anglicisme pos="nom" cc="4" sc="1">quiz</anglicisme> <anglicisme pos="adj" cc="8" sc="2">BuzzFeed</anglicisme>.
                    Intéressant.</commentaire>
            </li>
            <li>
                <titre>4. Faire une promenade de nuit et observer le salon des gens.</titre>
                <commentaire><anglicisme pos="excl" cc="3" sc="3">OMG</anglicisme> j’ai la
                    même lampe.</commentaire>
            </li>
            <li>
                <titre>5. Porter des lunettes de soleil et pouvoir épier les gens sans qu’ils le
                    voient.</titre>
                <commentaire>B-)</commentaire>
            </li>
            <li>
                <titre>6. Réussir à sentir les cheveux de quelqu’un.</titre>
                <commentaire>Ça sent la noix de coco.</commentaire>
            </li>
            <li>
                <titre>7. Réussir à sentir vos propres cheveux.</titre>
                <commentaire>Je devrais peut-être faire un <anglicisme pos="nom" cc="9" sc="3"
                    >shampoing</anglicisme>.</commentaire>
            </li>
            <li>
                <titre>8. Quand vous voyez un bel inconnu identifié dans l’album d’un ami sur
                    <anglicisme pos="nom" cc="8" sc="2">Facebook</anglicisme> et découvrez que sa page est publique.</titre>
                <commentaire>C’est parti pour 5 heures.</commentaire>
            </li>
            <li>
                <titre>9. Entendre par hasard une conversation scandaleuse sans être
                    interrompue.</titre>
                <commentaire><anglicisme pos="excl" cc="3" sc="3">OMG</anglicisme> et après
                    lui, il a dit quoi ?!</commentaire>
            </li>
            <li>
                <titre>10. À chaque fois que la société normalise votre comportement flippant, comme
                    garder la chemise d’un ex.</titre>
                <commentaire>Parce que franchement, c’est super flippant ! Mais tout le monde l’accepte !</commentaire>
            </li>
            <li>
                <titre>11. Utiliser la salle de bain d’un ami et regarder ce qui s’y trouve.</titre>
                <commentaire>Je vois que tu utilises du papier toilette hors de prix, sympa. Oh, et
                    du gel douche à la noix de coco ! J’adore.</commentaire>
            </li>
            <li>
                <titre>12. Admettre aimer quelque chose de flippant, le regretter immédiatement, et
                    puis réaliser que tout le monde a pensé que vous blaguiez.</titre>
                <commentaire>HAHAHAHA non évidemment que je ne passe pas mes nuits à lire les pages
                    <anglicisme pos="adj" cc="9" sc="4">Wikipédia</anglicisme> des tueurs en série célèbres, hahahaha !</commentaire>
            </li>
            <li>
                <titre>13. Admettre faire quelque chose de flippant et que quelqu’un vous réponde, «
                    moi aussi je fais ça ! »</titre>
                <commentaire>Nous ne sommes pas seuls !</commentaire>
            </li>
        </ol>
    </corps>
</article>