<?xml version="1.0" encoding="UTF-8"?>
<?xml-model href="BuzzFeed_schema.rnc" type="application/relax-ng-compact-syntax"?>
<article>
    <!-- unedited URL for getting comments:http://www.buzzfeed.com/rachelzarrell/ces-sacs-ressemblent-a-des-dessins-->
    <header>
        <titre>Promis, ces sacs ne sont pas des dessins </titre>
        <st> Sorcellerie ! (Ou art du trompe-l’oeil, mais c’est moins théâtral). </st>
    </header>
    <auteur>
        <nom>Rachel Zarrell </nom>
        <association>BuzzFeed News Reporter </association>
    </auteur>
    <corps>
        <ul>
            <li>
                <titre>1. JumpFromPaper, une entreprise située à Taïwan, commercialise des
                    accessoires qui semblent tout droit sortis d’un dessin animé de Gulli. </titre>
            </li>
            <li>
                <titre>2. JumpFromPaper dit espérer que ces sacs « encourageront les gens à
                    découvrir leur personnalité fantasque et à libérer leur imagination. » </titre>
            </li>
            <li>
                <titre>3. L’entreprise née en avril 2010 semble être très prisée par les
                    fashionistas les plus excentriques. </titre>
            </li>
            <li>
                <titre>4. L’illusion d’optique de ces sacs <anglicisme pos="adj" cc="7" sc="2"
                        >pop-art</anglicisme> transforme n’importe quelle photo en œuvre-d’art,
                    l’accessoire ressemblant à s’y méprendre à un graffiti. </titre>
            </li>
            <li>
                <titre>6. Vive la <anglicisme pos="nom abbr" cc="2" sc="2">2D</anglicisme> !
                </titre>
            </li>
            <li>
                <titre>7. Bien qu’ils ressemblent à des jouets pour enfants, ces sacs ne sont pas
                    bon marché, leur prix oscillant entre 80 et 120 euros pièce. </titre>
            </li>
            <li>
                <titre>8. Il y en a même pour les hommes ! </titre>
            </li>
            <li>
                <titre>9. Ces accessoires peuvent se trouver sur plusieurs <anglicisme pos="nom"
                        cc="5" sc="1">sites</anglicisme>
                    <anglicisme pos="adj" cc="8" sc="3">internet</anglicisme>. </titre>
            </li>
            <li>
                <titre>10. Pendant ce temps-là, nos yeux essaient encore de comprendre par quelle
                    sorcellerie ceci est possible. </titre>
            </li>
        </ul>

        <conversation>
            <commentaire>j'avoue c'est bluffant ! limite ça me donne envie d'en acheter un pour ma
                fille (limite...parce que vu l'tarif, l'aut' gnomette du haut de ses presque 6 ans
                risque de le détruire...) </commentaire>
            <commentaire>tape sac <anglicisme pos="adj" cc="2" sc="2">2D</anglicisme> sur
                    <anglicisme pos="nom" cc="6" sc="3">amazon</anglicisme> t'en trouveras à 15
                €</commentaire>
            <commentaire><anglicisme pos="excl" cc="6" sc="1">Niiice</anglicisme> ça merci du
                tuyau!</commentaire>
            <commentaire>Sur le 2eme lien (<anglicisme pos="adj" cc="6" sc="3">Amazon</anglicisme>)
                ce sont des copies de mauvaise qualité voir commentaires des acheteurs
                :(</commentaire>
        </conversation>
    </corps>
</article>
