<?xml version="1.0" encoding="UTF-8"?>
<?xml-model href="BuzzFeed_schema.rnc" type="application/relax-ng-compact-syntax"?>
<article>
    <!-- unedited URL for getting comments:http://www.buzzfeed.com/abagg/soutif-mentos-coca-->
    <header>
        <titre>Cette fille a tenté une expérience Mentos-Coca et a échoué misérablement </titre>
        <st> ¯\_(ツ)_/¯ </st>
    </header>
    <auteur>
        <nom>Allison Bagg </nom>
        <association>Video Curator </association>
    </auteur>
    <corps>
        <ol>
            <li>
                <titre>1. Davison, de la chaîne YouTube Sexperimental LOLPervs, a décidé de porter
                    un bikini entièrement recouvert de <anglicisme pos="nom" cc="6" sc="2"
                        >Mentos</anglicisme> dans une baignoire remplie de <anglicisme pos="nom"
                        cc="9" sc="3">Coca Light</anglicisme>, tout naturellement. Regardez le
                    déroulement de l’expérience… </titre>
            </li>
            <li>
                <titre>2. D’abord, elle a dû fabriquer son soutif-<anglicisme pos="adj" cc="6"
                        sc="2">mentos</anglicisme> elle-même. </titre>
            </li>
            <li>
                <titre>3. Elle l’a recouvert de <anglicisme pos="nom" cc="6" sc="2"
                        >Mentos</anglicisme> avec de la <anglicisme pos="nom" cc="8" sc="3"
                        >superglu</anglicisme>. </titre>
            </li>
            <li>
                <titre>4. Puis elle a rempli sa baignoire avec l’équivalent de 40 <anglicisme
                        pos="nom" cc="7" sc="2">dollars</anglicisme> (37 euros) de <anglicisme
                        pos="nom" cc="4" sc="2">Coca</anglicisme>
                    <anglicisme pos="adj" cc="5" sc="5">Light</anglicisme>. </titre>
            </li>
            <li>
                <titre>5. Ce qui est un peu maigre, pour remplir une baignoire entière. </titre>
                <commentaire>En plus, la température n’est pas idéale. </commentaire>
            </li>
            <li>
                <titre>6. «Oh mon dieu, ce Japonais est complètement taré. Comment il a fait?»
                </titre>
            </li>
            <li>
                <titre>7. De toute évidence, l’expérience était mal barrée. </titre>
            </li>
            <li>
                <titre>8. Alors Davison s’est dit qu’elle allait juste se verser du <anglicisme
                        pos="nom" cc="4" sc="2">Coca</anglicisme> dessus? </titre>
                <commentaire>¯\_(ツ)_/¯ </commentaire>
            </li>
            <li>
                <titre>9. Malgré tout, rien ne s’est produit. </titre>
            </li>
            <li>
                <titre>10. Davison s’est ensuite allongée sur le ventre, mais a commencé à étouffer
                    à cause de la gazéification. </titre>
            </li>
            <li>
                <titre>11. Dommage. </titre>
            </li>
            <li>
                <titre>12. Non, toujours pas. </titre>
                <commentaire>¯\_(ツ)_/¯ ¯\_(ツ)_/¯ ¯\_(ツ)_/¯ ¯\_(ツ)_/¯ ¯\_(ツ)_/¯ </commentaire>
            </li>
        </ol>
        <conversation>
            <commentaire>Ca marche pas avec du <anglicisme pos="nom" cc="5" sc="1"
                    >light</anglicisme> . Fallait du <anglicisme pos="nom" cc="4" sc="2"
                    >coca</anglicisme>
                <anglicisme pos="adj" cc="6" sc="2">normal</anglicisme> hehehe</commentaire>
        </conversation>
    </corps>
</article>
